uid,total_contributions,p_creation,p_modification,p_delete,p_is_used,p_is_edited,p_is_deleted,nbWeeks,focalisation,lonMin,latMin,lonMax,latMax,area_mean_chgst,area_heilsbronn_bbox
591881,1,0.0,1.0,0.0,0.0,0.0,1.0,1,0.0,10.8196151,48.6648314,11.5666159,49.3880695,1.0155135091846588E10,3.177037399720338E8
1579545,5,0.2,0.8,0.0,0.031413612565445025,0.6,0.6,1,1.0,10.87024,49.3638806,10.8736368,49.3652159,56244.161690725785,3.177037399720338E8
150019,5,0.4,0.6,0.0,0.0,0.8,1.0,1,0.14385700889129358,10.7701095,49.275329,10.8034511,49.3050613,1.838567095820892E7,3.177037399720338E8
13832,49,0.0,0.40816326530612246,0.5918367346938775,0.03664921465968586,0.8979591836734694,1.0,5,1.0,10.789170357142856,49.33183497142857,10.79561317142857,49.337887114285714,736688.8619729304,3.177037399720338E8
1224218,297,0.8383838383838383,0.12457912457912458,0.037037037037037035,0.02617801047120419,0.9797979797979798,0.9865319865319865,5,1.0,10.791791100000001,49.343438025,10.794839425000001,49.345285000000004,90006.7057756477,3.177037399720338E8
178186,16,0.0,1.0,0.0,0.0,0.9375,1.0,1,1.0,-175.2055179,-38.6459422,155.5348968,70.4785607,0.0,3.177037399720338E8
196617,21,0.14285714285714285,0.8571428571428571,0.0,0.015706806282722512,1.0,1.0,1,1.0,10.7800041,49.3335509,10.7803813,49.3337997,1556.6601011594162,3.177037399720338E8
585220,6,0.6666666666666666,0.3333333333333333,0.0,0.0,0.6666666666666667,1.0,2,0.5751121692636588,10.68723355,49.25900715,10.8246947,49.3712558,2.7786874924533546E8,3.177037399720338E8
297482,7,0.0,1.0,0.0,0.005235602094240838,0.7142857142857143,0.8571428571428572,1,0.0,-44.5019519,1.3483344333333325,70.94870173333334,60.99643296666667,3.1211194416456754E13,3.177037399720338E8
128017,323,0.6625386996904025,0.17956656346749225,0.15789473684210525,0.06282722513089005,0.9504643962848297,0.9845201238390093,16,9.735765748179355E-4,9.2891423,47.69845715,12.4951886,52.317590550000006,3.2632640121959204E11,3.177037399720338E8
257555,35,0.34285714285714286,0.6571428571428571,0.0,0.03664921465968586,0.9142857142857143,0.9714285714285714,1,1.0,10.7926326,49.3413221,10.8039659,49.3458553,648741.7175649703,3.177037399720338E8
345109,1,0.0,0.0,1.0,0.0,1.0,1.0,1,0.0,10.651957,49.0813369,11.3142871,49.3110057,1.6814102992952435E9,3.177037399720338E8
268309,2,0.0,0.5,0.5,0.020942408376963352,1.0,1.0,1,1.0,10.8478937,49.3713266,10.8588162,49.3773775,1010999.5047328041,3.177037399720338E8
2380336,74,0.0,1.0,0.0,0.0,0.9459459459459459,0.972972972972973,2,0.09368812846626522,10.164516200000001,49.1990024,11.8081947,49.50760125,1.325571170527699E9,3.177037399720338E8
29717,1,0.0,1.0,0.0,0.0,0.0,1.0,1,0.0,10.1699138,49.1393146,10.7967188,49.2970626,7.813570168139032E8,3.177037399720338E8
322076,1,0.0,1.0,0.0,0.0,0.0,1.0,1,0.008188267774809212,10.6688407,48.607524,11.6358233,50.3354318,3.879987180554025E10,3.177037399720338E8
52248,1,0.0,1.0,0.0,0.0,0.0,1.0,1,2.043285502888407E-4,4.9898856,46.8795339,15.0578296,55.0835395,1.5548670977351177E12,3.177037399720338E8
34843,2,0.0,1.0,0.0,0.0,0.5,1.0,2,0.0,10.891593499999999,49.3485691,11.01446385,49.407066400000005,1.0081849918958044E8,3.177037399720338E8
8732,2,0.0,1.0,0.0,0.0,0.5,1.0,1,3.9800396799839186E-4,6.8095073,47.7167589,13.7348456,53.7382993,7.982426445892054E11,3.177037399720338E8
280090,555,0.6612612612612613,0.3117117117117117,0.02702702702702703,0.1099476439790576,0.9765765765765766,0.9873873873873874,5,1.0,10.743492385714285,49.30963623142856,10.750858377142857,49.316517600000005,956281.2459547746,3.177037399720338E8
479256,2473,0.8305701577031945,0.010917913465426607,0.15851192883137888,0.1256544502617801,0.9959563283461383,0.9995956328346138,7,0.17201954960863333,10.467037461538464,49.20872865384616,10.925638423076922,49.46787226923077,1.8469048471226137E9,3.177037399720338E8
1377802,1,0.0,1.0,0.0,0.0,0.0,1.0,1,0.0,10.271009,49.3806735,10.8497648,49.9510374,6.415334157696147E9,3.177037399720338E8
2415107,185,0.44324324324324327,0.5027027027027027,0.05405405405405406,0.1256544502617801,0.9783783783783784,0.9945945945945946,3,1.0,10.8420789,49.3732634,10.8447514,49.3760175,143373.51523527832,3.177037399720338E8
506415,16,1.0,0.0,0.0,0.005235602094240838,0.9375,1.0,1,1.0,10.7488126,49.3803798,10.7530199,49.3832137,199857.97112765248,3.177037399720338E8
70696,34,0.0,0.9411764705882353,0.058823529411764705,0.010471204188481676,0.7647058823529411,0.8529411764705882,14,0.0,-75.11833820000001,2.7008758999999998,90.02485564999999,56.19861145,7.470511435405343E12,3.177037399720338E8
72235,47,0.3404255319148936,0.6170212765957447,0.0425531914893617,0.0,0.8297872340425532,0.9361702127659575,7,0.02862323235228936,10.433367744444443,48.861412288888886,11.39765202222222,49.541503111111105,1.1099506025797363E10,3.177037399720338E8
43562,1,1.0,0.0,0.0,0.0,1.0,1.0,1,1.0,10.8391367,49.3717942,10.8391367,49.3717942,0.0,3.177037399720338E8
5164,89,0.0,1.0,0.0,0.0,0.9101123595505618,0.9662921348314607,4,0.0,2.94348005,23.580417775,7.614978925,27.48249475,2.4028565346714816E11,3.177037399720338E8
590907,7,0.0,1.0,0.0,0.0,0.5714285714285714,1.0,1,0.0,-23.4779826,29.768427366666668,50.867568500000004,64.00029486666666,1.4961860329267197E13,3.177037399720338E8
13363,10107,0.3994261402988028,0.5113287820322548,0.08924507766894231,1.0,0.9900069258929455,0.9977243494607697,116,0.5022988216437676,10.605580543333334,49.25709941333332,10.88209238,49.40178449000002,5.972398886017306E8,3.177037399720338E8
147510,10,0.0,1.0,0.0,0.010471204188481676,0.7,1.0,1,0.0,-64.0569998,-25.8340459,63.3853614,59.3969892,6.1355474839756414E13,3.177037399720338E8
14390,234,0.18803418803418803,0.7948717948717948,0.017094017094017096,0.10471204188481675,0.9871794871794872,0.9957264957264957,8,0.018048501578457797,9.737469899999999,48.81888334999999,11.583165316666667,49.56339406666666,1.7602776529173832E10,3.177037399720338E8
384060,376,0.26861702127659576,0.7127659574468085,0.018617021276595744,0.18848167539267016,0.9627659574468085,0.9920212765957447,22,0.11372138352947628,10.612390022580644,49.20480550161289,11.148315456451611,49.531140261290325,2.7937027330456796E9,3.177037399720338E8
449087,30,0.4,0.5666666666666667,0.03333333333333333,0.04712041884816754,0.8333333333333334,1.0,6,1.0,10.768179449999998,49.366740099999994,10.862979083333334,49.3858898,7517538.003464443,3.177037399720338E8
48185,8,0.25,0.625,0.125,0.031413612565445025,0.625,1.0,1,0.5329878964675892,10.768237,49.2284092,10.8481788,49.4152079,3.7734148213952184E8,3.177037399720338E8
382526,2,0.0,1.0,0.0,0.0,0.0,1.0,2,0.0,10.428322000000001,48.65532545,12.05627705,49.4073158,1.6524461379142818E10,3.177037399720338E8
912433,3,0.0,0.6666666666666666,0.3333333333333333,0.0,0.33333333333333337,1.0,2,0.0,10.52576455,48.96037285,11.58644265,49.4208201,6.41243754951463E9,3.177037399720338E8
55868,1,0.0,1.0,0.0,0.0,0.0,1.0,1,1.0,10.821631,49.3081398,10.8302308,49.3108366,234946.5188627521,3.177037399720338E8
573,13,1.0,0.0,0.0,0.0,0.7692307692307692,1.0,1,8.173662151289866E-5,0.51296,41.4615595,12.3989656,49.6188333,1.6691871358882927E12,3.177037399720338E8
2242076,1,0.0,1.0,0.0,0.0,0.0,1.0,1,1.0,10.8445319,49.3743744,10.8445319,49.3743744,0.0,3.177037399720338E8
81983,1,0.0,1.0,0.0,0.0,1.0,1.0,1,2.1692277422793717E-4,6.1403689,47.0776804,15.4829174,55.2915947,1.4645937527896377E12,3.177037399720338E8
2581093,2,0.5,0.0,0.5,0.0,1.0,1.0,1,5.16817297216918E-4,8.8014994,48.6422479,14.3378669,54.2053985,6.1473124387067E11,3.177037399720338E8
244289,45,0.7777777777777778,0.17777777777777778,0.044444444444444446,0.010471204188481676,0.9333333333333333,0.9555555555555556,1,1.0,10.8212473,49.3079078,10.8302754,49.3105757,227641.08961822794,3.177037399720338E8
205377,1,0.0,1.0,0.0,0.0,0.0,1.0,1,0.009158196607964209,10.6602829,48.6068917,11.633662,50.1921031,3.4690644192520424E10,3.177037399720338E8
834127,97,0.5257731958762887,0.4020618556701031,0.07216494845360824,0.08900523560209424,0.9587628865979382,1.0,9,1.0,10.77270408,49.29711296000001,10.813718750000001,49.34253962,3.712349693931681E7,3.177037399720338E8
3002985,8,1.0,0.0,0.0,0.0,1.0,1.0,1,1.0,10.7458132,49.317688,10.7459962,49.317805,350.85254718762104,3.177037399720338E8
44613,419,0.14797136038186157,0.8305489260143198,0.021479713603818614,0.20418848167539266,0.964200477326969,0.9880668257756563,3,0.028746107373725495,10.56883014,49.26007712,11.34934796,50.00344262,1.105206127012596E10,3.177037399720338E8
2195047,10,0.8,0.2,0.0,0.005235602094240838,0.8,1.0,1,0.0,10.849649,49.2926532,10.8690818,49.3078776,5232507.449831932,3.177037399720338E8
239172,52,0.3269230769230769,0.6730769230769231,0.0,0.09947643979057591,0.9423076923076923,1.0,1,0.6262897915602149,10.64087395,49.311837249999996,10.82656215,49.352258500000005,4.1070838294621944E7,3.177037399720338E8
118856,730,0.7589041095890411,0.16986301369863013,0.07123287671232877,0.20418848167539266,0.963013698630137,0.9835616438356164,14,0.15792719935315794,10.635158866666666,49.21824519999999,10.937568366666667,49.5519243,2.0117100871369371E9,3.177037399720338E8
111688,7,0.8571428571428571,0.14285714285714285,0.0,0.0,0.7142857142857143,1.0,2,0.21972984654727773,10.764376966666665,49.2780974,10.812754366666667,49.3078901,2.319238544512492E7,3.177037399720338E8
34891,18,0.8888888888888888,0.1111111111111111,0.0,0.0,0.8888888888888888,1.0,2,0.004722330945264419,10.641890933333334,48.21227786666666,12.244675899999999,50.25015753333334,6.727689008976149E10,3.177037399720338E8
419405,1,0.0,1.0,0.0,0.015706806282722512,0.0,1.0,1,1.0,10.848465,49.3558569,10.848465,49.3558569,0.0,3.177037399720338E8
57933,8,1.0,0.0,0.0,0.0,0.75,1.0,1,0.005196491512320439,10.6701651,48.6082358,13.1741993,50.1790361,6.113812352407105E10,3.177037399720338E8
38989,3,0.0,1.0,0.0,0.0,0.33333333333333337,1.0,1,0.0,9.71429185,49.28729765,10.9144428,50.8159611,3.916809657745309E10,3.177037399720338E8
28237,1,0.0,1.0,0.0,0.0,0.0,1.0,1,0.0,11.5754864,48.9541361,11.6475252,49.0820487,2.1031510826613185E8,3.177037399720338E8
496201,82,0.24390243902439024,0.7560975609756098,0.0,0.06806282722513089,0.9634146341463414,1.0,2,0.6584703727160517,10.644068866666666,49.27522173333333,10.868163966666666,49.337676316666666,1.2359735032754014E8,3.177037399720338E8
202829,1,0.0,1.0,0.0,0.005235602094240838,0.0,1.0,1,0.056976265809502796,10.1194946,49.3310124,11.0072726,49.4090068,1.1064194687999427E9,3.177037399720338E8
394313,22,0.9090909090909091,0.09090909090909091,0.0,0.015706806282722512,0.8181818181818181,0.9090909090909091,2,1.0,10.792327899999998,49.34355086666667,10.793879633333333,49.3451776,49449.955068266456,3.177037399720338E8
4245519,3,0.0,1.0,0.0,0.0,0.6666666666666667,1.0,1,0.0,9.297278766666667,51.2234343,9.310397066666667,51.2297752,1317790.0801647266,3.177037399720338E8
39504,1,0.0,1.0,0.0,0.0,1.0,1.0,1,2.177932361129686E-4,5.7434233,47.1168705,15.8442027,55.0508083,1.4587401594383857E12,3.177037399720338E8
665694,1,0.0,1.0,0.0,0.0,0.0,1.0,1,0.0,9.5659576,49.3846663,10.9071584,49.83716,6.994026479642553E9,3.177037399720338E8
5473803,2,0.0,1.0,0.0,0.0,1.0,1.0,1,1.0,10.7420689,49.3101084,10.7472988,49.3104559,51224.99297941174,3.177037399720338E8
37976,1,0.0,0.0,1.0,0.0,1.0,1.0,1,5.31799431847267E-4,5.9040861,47.5591087,13.6892166,52.201522,5.974127104055997E11,3.177037399720338E8
41049,54,0.8333333333333334,0.12962962962962962,0.037037037037037035,0.03664921465968586,0.8333333333333334,1.0,2,1.0,10.78536115,49.361084399999996,10.8224667,49.378554949999995,9107500.742794737,3.177037399720338E8
5626892,11,0.7272727272727273,0.2727272727272727,0.0,0.0,0.9090909090909091,1.0,1,1.0,10.72332105,49.344414400000005,10.7391038,49.3495257,853813.1691636835,3.177037399720338E8
575570,16,0.0,1.0,0.0,0.16230366492146597,1.0,0.9375,1,0.008202248156274542,10.5830874,48.608057,11.5878582,50.3007918,3.873373908213168E10,3.177037399720338E8
6295100,3,0.0,1.0,0.0,0.0,0.6666666666666667,1.0,3,0.0,9.567455266666666,49.38580186666667,10.8654749,49.86077699999999,7.612038817534927E9,3.177037399720338E8
18015,8,0.0,1.0,0.0,0.020942408376963352,1.0,0.375,1,0.009679326350216205,10.6701651,48.6070544,11.5820078,50.1790361,3.2822918504544205E10,3.177037399720338E8
43619,2579,0.18069018999612252,0.7886777820860799,0.030632027917797598,0.19895287958115182,0.9926328034121753,0.9980612640558356,14,0.19124593182027977,10.731419083333334,49.15368852777778,11.048765966666668,49.43239411666667,1.6280747262879817E9,3.177037399720338E8
481380,6,0.0,1.0,0.0,0.0,0.6666666666666667,1.0,1,0.004015984711746643,8.6136022,48.2016159,10.9390581,50.0658456,7.910979816301573E10,3.177037399720338E8
3716187,2,0.0,1.0,0.0,0.020942408376963352,0.5,1.0,1,1.895848447171513E-4,5.112289,47.034619,15.1937623,55.664307,1.6757865875092908E12,3.177037399720338E8
73317,1,0.0,1.0,0.0,0.0,0.0,1.0,1,1.0,10.7863637,49.3418705,10.7876255,49.3426146,14829.876334579887,3.177037399720338E8
88164,37,0.0,1.0,0.0,0.0,0.8648648648648649,1.0,1,0.28506877610401105,10.5752924,49.275808,11.0925935,49.4506194,9.883435755039135E8,3.177037399720338E8
51302,3,0.0,1.0,0.0,0.0,0.0,1.0,2,0.015408154443954308,10.6395687,48.67142956666667,11.732728333333334,49.685964866666666,2.0619194928740547E10,3.177037399720338E8
5735,9,0.2222222222222222,0.7777777777777778,0.0,0.010471204188481676,0.5555555555555556,0.8888888888888888,2,0.0,10.772362266666667,49.28788806666666,10.788902666666667,49.2977332,2581581.4257604433,3.177037399720338E8
16488,24486,0.48252062403005797,0.47067712162051784,0.04680225434942416,0.4973821989528796,0.9958343543249204,0.9989381687494895,35,1.0,10.787337264864867,49.33671657297297,10.792501383783785,49.34000783513513,277801.43766909576,3.177037399720338E8
347245,72,0.06944444444444445,0.9027777777777778,0.027777777777777776,0.04712041884816754,0.9166666666666666,0.9583333333333334,3,0.7234497595394438,10.669919366666667,49.335952666666664,10.801838733333334,49.3929601,1.0059302061200938E8,3.177037399720338E8
1069176,1,0.0,1.0,0.0,0.0,1.0,0.0,1,1.0,10.7939399,49.3461883,10.7942376,49.3463158,502.80898030685904,3.177037399720338E8
202858,6,0.0,1.0,0.0,0.0,0.6666666666666667,1.0,2,1.0,10.8457813,49.374958,10.8459371,49.3750743,315.30458493854894,3.177037399720338E8
114795,1,0.0,1.0,0.0,0.0,0.0,1.0,1,0.0,10.6081362,49.3855683,10.7577927,49.4215055,3.740135920148631E7,3.177037399720338E8
1726577,260,0.7230769230769231,0.2076923076923077,0.06923076923076923,0.10471204188481675,0.9653846153846154,0.9807692307692307,3,1.0,10.745976,49.32362153333333,10.782594733333335,49.3443426,1.1765228316789176E7,3.177037399720338E8
1798256,5,0.2,0.8,0.0,0.0,0.6,0.8,1,1.0,10.7902381,49.336843,10.7917028,49.3385325,49968.47682307343,3.177037399720338E8
549477,1,0.0,1.0,0.0,0.0,0.0,1.0,1,0.42343857304244725,10.8310992,49.3917437,10.8721427,49.4136884,1.3540898040208837E7,3.177037399720338E8
103022,1,0.0,1.0,0.0,0.0,0.0,1.0,1,0.009142207000366422,10.6624579,48.6041214,11.6451208,50.183969,3.475131770253071E10,3.177037399720338E8
393321,1,0.0,1.0,0.0,0.0,1.0,1.0,1,1.0,10.7887166,49.3378853,10.7887166,49.3378853,0.0,3.177037399720338E8
92274,11,0.0,1.0,0.0,0.0,0.7272727272727273,1.0,7,0.0,-87.2075743,-16.2087899,141.3463059,63.9346423,9.233382256868508E12,3.177037399720338E8
2675,24,0.5416666666666666,0.3333333333333333,0.125,0.031413612565445025,0.7916666666666666,1.0,2,0.10469043935816871,10.51480005,49.122389749999996,11.07410925,49.46185355,3.034696787211871E9,3.177037399720338E8
5748,6,0.0,1.0,0.0,0.005235602094240838,0.8333333333333334,1.0,1,1.0,-180.0,-52.2937924,178.768507,82.1877769,0.0,3.177037399720338E8
2290263,562,0.5213523131672598,0.4306049822064057,0.04804270462633452,0.14659685863874344,0.9875444839857651,0.998220640569395,5,1.0,10.764790155555554,49.33273191111111,10.786024022222223,49.34362858888889,3414444.0464468068,3.177037399720338E8
118900,1,0.0,1.0,0.0,0.0,0.0,1.0,1,0.719675403861357,10.7855461,49.3829829,10.8563854,49.4060389,1.721329920817582E7,3.177037399720338E8
2680,1,0.0,0.0,1.0,0.0,1.0,1.0,1,1.5846071843555621E-4,5.4899651,46.0086453,17.5167685,55.4759567,2.004936889777131E12,3.177037399720338E8
65148,4,0.0,1.0,0.0,0.0,1.0,0.75,2,1.0,NaN,NaN,NaN,NaN,0.0,3.177037399720338E8
6270,69,0.43478260869565216,0.30434782608695654,0.2608695652173913,0.07853403141361257,0.8405797101449275,0.9710144927536232,9,1.0,NaN,NaN,NaN,NaN,0.0,3.177037399720338E8
461945,2,0.0,1.0,0.0,0.010471204188481676,1.0,1.0,1,1.0,NaN,NaN,NaN,NaN,0.0,3.177037399720338E8
113278,2,0.0,1.0,0.0,0.0,0.0,1.0,1,1.0,NaN,NaN,NaN,NaN,0.0,3.177037399720338E8
92286,1,0.0,1.0,0.0,0.0,0.0,1.0,1,1.0,NaN,NaN,NaN,NaN,0.0,3.177037399720338E8
482439,3,1.0,0.0,0.0,0.005235602094240838,0.33333333333333337,1.0,1,1.0,NaN,NaN,NaN,NaN,0.0,3.177037399720338E8
346758,1,0.0,1.0,0.0,0.0,0.0,1.0,1,1.0,NaN,NaN,NaN,NaN,0.0,3.177037399720338E8
29319,128,0.90625,0.0703125,0.0234375,0.02617801047120419,0.921875,0.984375,1,1.0,NaN,NaN,NaN,NaN,0.0,3.177037399720338E8
3272886,1669,1.0,0.0,0.0,0.0,1.0,0.9994008388256441,1,1.0,NaN,NaN,NaN,NaN,0.0,3.177037399720338E8
1817244,1,0.0,1.0,0.0,0.0,0.0,1.0,1,1.0,NaN,NaN,NaN,NaN,0.0,3.177037399720338E8
3098790,55,0.8545454545454545,0.14545454545454545,0.0,0.005235602094240838,0.9454545454545454,1.0,1,1.0,10.7487874,49.3272142,10.7489812,49.3273665,524.4666037624414,3.177037399720338E8
112776,10,0.0,1.0,0.0,0.13612565445026178,0.7,0.9,1,1.0,NaN,NaN,NaN,NaN,0.0,3.177037399720338E8
42123,13,0.0,0.15384615384615385,0.8461538461538461,0.005235602094240838,0.8461538461538461,1.0,3,1.0,NaN,NaN,NaN,NaN,0.0,3.177037399720338E8
212111,1,0.0,1.0,0.0,0.0,0.0,1.0,1,1.0,NaN,NaN,NaN,NaN,0.0,3.177037399720338E8
88204,304,0.993421052631579,0.006578947368421052,0.0,0.0,0.9802631578947368,0.9901315789473685,1,1.0,NaN,NaN,NaN,NaN,0.0,3.177037399720338E8
6288081,14,0.6428571428571429,0.35714285714285715,0.0,0.005235602094240838,1.0,1.0,1,1.0,NaN,NaN,NaN,NaN,0.0,3.177037399720338E8
80526,2,0.0,0.5,0.5,0.0,1.0,0.5,2,1.0,NaN,NaN,NaN,NaN,0.0,3.177037399720338E8
44687,1,0.0,1.0,0.0,0.0,0.0,1.0,1,1.0,NaN,NaN,NaN,NaN,0.0,3.177037399720338E8
365207,462,0.6536796536796536,0.3051948051948052,0.04112554112554113,0.10471204188481675,0.9805194805194806,0.9913419913419913,21,1.0,10.796011266666666,49.343936066666664,10.802503166666668,49.352043933333334,1089814.9567851683,3.177037399720338E8
18069,1,0.0,1.0,0.0,0.0,0.0,1.0,1,1.0,NaN,NaN,NaN,NaN,0.0,3.177037399720338E8
2622143,10,0.0,1.0,0.0,0.0,1.0,1.0,1,1.0,NaN,NaN,NaN,NaN,0.0,3.177037399720338E8
41113,130,0.8,0.18461538461538463,0.015384615384615385,0.06806282722513089,0.8769230769230769,0.9923076923076923,12,1.0,NaN,NaN,NaN,NaN,0.0,3.177037399720338E8
1468043,1,0.0,1.0,0.0,0.005235602094240838,0.0,1.0,1,1.0,NaN,NaN,NaN,NaN,0.0,3.177037399720338E8
90780,6,0.0,1.0,0.0,0.0,0.8333333333333334,1.0,1,1.0,NaN,NaN,NaN,NaN,0.0,3.177037399720338E8
178844,15,0.26666666666666666,0.7333333333333333,0.0,0.010471204188481676,0.8,0.9333333333333333,3,1.0,NaN,NaN,NaN,NaN,0.0,3.177037399720338E8
12448,1,0.0,1.0,0.0,0.005235602094240838,0.0,1.0,1,1.0,NaN,NaN,NaN,NaN,0.0,3.177037399720338E8
208545,7,0.0,1.0,0.0,0.0,0.2857142857142857,1.0,4,1.0,NaN,NaN,NaN,NaN,0.0,3.177037399720338E8
162465,81,0.43209876543209874,0.49382716049382713,0.07407407407407407,0.06282722513089005,0.962962962962963,0.9876543209876543,2,1.0,NaN,NaN,NaN,NaN,0.0,3.177037399720338E8
4945640,1,0.0,1.0,0.0,0.0,1.0,1.0,1,1.0,NaN,NaN,NaN,NaN,0.0,3.177037399720338E8
30374,2,0.0,1.0,0.0,0.0,0.5,1.0,2,1.0,NaN,NaN,NaN,NaN,0.0,3.177037399720338E8
1772211,1,0.0,1.0,0.0,0.0,0.0,1.0,1,2.1461186247948147E-4,5.0436552,47.3373098,15.4352806,55.1469787,1.4803643018680232E12,3.177037399720338E8
109736,1,0.0,1.0,0.0,0.0,1.0,0.0,1,1.0,NaN,NaN,NaN,NaN,0.0,3.177037399720338E8
1494719,1,1.0,0.0,0.0,0.0,1.0,1.0,1,1.0,NaN,NaN,NaN,NaN,0.0,3.177037399720338E8
12973,10,0.9,0.1,0.0,0.0,0.8,1.0,2,1.0,NaN,NaN,NaN,NaN,0.0,3.177037399720338E8
5294,2,0.0,1.0,0.0,0.0,0.5,1.0,1,1.0,NaN,NaN,NaN,NaN,0.0,3.177037399720338E8
817315,1,0.0,1.0,0.0,0.0,0.0,1.0,1,2.2120447037051572E-4,5.2265384,47.3600976,15.359591,55.094008,1.4362446628672673E12,3.177037399720338E8
84659,599,0.7178631051752922,0.1285475792988314,0.15358931552587646,0.16230366492146597,0.9682804674457429,0.989983305509182,15,1.0,NaN,NaN,NaN,NaN,0.0,3.177037399720338E8
167089,1,0.0,1.0,0.0,0.0,0.0,1.0,1,1.0,NaN,NaN,NaN,NaN,0.0,3.177037399720338E8
680121,15,0.0,0.0,1.0,0.010471204188481676,1.0,1.0,1,1.0,NaN,NaN,NaN,NaN,0.0,3.177037399720338E8
671934,186,0.21505376344086022,0.45698924731182794,0.3279569892473118,0.1518324607329843,0.935483870967742,0.9838709677419355,40,0.00811157608568134,10.2405535,49.24572065,11.765834750000002,50.2560137,2.5593617084255253E10,3.177037399720338E8
1204,1,0.0,0.0,1.0,0.0,1.0,1.0,1,1.0,NaN,NaN,NaN,NaN,0.0,3.177037399720338E8
194743,1,0.0,1.0,0.0,0.0,1.0,1.0,1,1.0,NaN,NaN,NaN,NaN,0.0,3.177037399720338E8
12982,276,0.050724637681159424,0.9057971014492754,0.043478260869565216,0.193717277486911,0.9347826086956522,0.9855072463768116,1,1.0,10.7863192,49.3375431,10.7959775,49.3423699,677703.9310234262,3.177037399720338E8
110263,7,0.0,0.7142857142857143,0.2857142857142857,0.031413612565445025,0.2857142857142857,1.0,2,1.0,NaN,NaN,NaN,NaN,0.0,3.177037399720338E8
475825,2,0.0,0.5,0.5,0.0,0.5,1.0,1,1.0,NaN,NaN,NaN,NaN,0.0,3.177037399720338E8
238266,22779,0.49400763861451336,0.3211730102287194,0.1848193511567672,0.7539267015706806,0.995566091575574,0.9988585978313359,70,1.0,10.815140995238101,49.338548672222224,10.82372258968254,49.34315785555555,596404.4172427765,3.177037399720338E8
702131,16,0.3125,0.3125,0.375,0.0,0.9375,0.9375,1,1.0,10.8460284,49.3744083,10.8461936,49.3745547,447.8590250438044,3.177037399720338E8
44217,14,0.0,1.0,0.0,0.005235602094240838,0.9285714285714286,1.0,1,1.0,NaN,NaN,NaN,NaN,0.0,3.177037399720338E8
9402,1,1.0,0.0,0.0,0.0,0.0,1.0,1,1.0,NaN,NaN,NaN,NaN,0.0,3.177037399720338E8
26299,24,0.0,0.875,0.125,0.05235602094240838,0.5833333333333333,0.9166666666666666,6,1.0,NaN,NaN,NaN,NaN,0.0,3.177037399720338E8
128186,3,0.0,0.3333333333333333,0.6666666666666666,0.0,0.6666666666666667,1.0,1,1.0,NaN,NaN,NaN,NaN,0.0,3.177037399720338E8
44221,2,0.0,0.5,0.5,0.005235602094240838,0.5,1.0,1,1.0,NaN,NaN,NaN,NaN,0.0,3.177037399720338E8
497849,105,0.37142857142857144,0.6,0.02857142857142857,0.041884816753926704,0.9333333333333333,1.0,10,0.037187970689160445,10.7961148,48.9127787,11.4151593,49.5411955,7.477775964476405E9,3.177037399720338E8
215740,498,0.5401606425702812,0.3755020080321285,0.08433734939759036,0.13612565445026178,0.9759036144578314,0.9959839357429718,3,1.0,10.83536655,49.3825343,10.86861165,49.400465499999996,9000582.540009985,3.177037399720338E8
24767,1,0.0,1.0,0.0,0.0,0.0,1.0,1,1.0,NaN,NaN,NaN,NaN,0.0,3.177037399720338E8
1923746,3,0.3333333333333333,0.6666666666666666,0.0,0.0,0.6666666666666667,0.6666666666666667,1,1.0,NaN,NaN,NaN,NaN,0.0,3.177037399720338E8
4802,32,0.96875,0.03125,0.0,0.0,0.875,1.0,1,1.0,NaN,NaN,NaN,NaN,0.0,3.177037399720338E8
165061,3,0.0,1.0,0.0,0.0,0.33333333333333337,1.0,1,1.0,NaN,NaN,NaN,NaN,0.0,3.177037399720338E8
210116,1,0.0,1.0,0.0,0.0,0.0,1.0,1,1.0,NaN,NaN,NaN,NaN,0.0,3.177037399720338E8
371406,6,0.5,0.3333333333333333,0.16666666666666666,0.015706806282722512,1.0,1.0,1,1.0,NaN,NaN,NaN,NaN,0.0,3.177037399720338E8
125136,72,0.875,0.125,0.0,0.031413612565445025,0.8472222222222222,0.9861111111111112,2,1.0,NaN,NaN,NaN,NaN,0.0,3.177037399720338E8
722137,14,0.0,1.0,0.0,0.0,0.9285714285714286,1.0,1,1.0,NaN,NaN,NaN,NaN,0.0,3.177037399720338E8
13010,1,0.0,1.0,0.0,0.0,1.0,1.0,1,1.0,NaN,NaN,NaN,NaN,0.0,3.177037399720338E8
253648,553,0.7775768535262206,0.20795660036166366,0.014466546112115732,0.1518324607329843,0.9656419529837251,0.9837251356238698,8,1.0,10.792016624999999,49.339028325,10.793283924999997,49.339931324999995,19575.99561787774,3.177037399720338E8
1787080,1,1.0,0.0,0.0,0.0,0.0,1.0,1,1.0,NaN,NaN,NaN,NaN,0.0,3.177037399720338E8
65240,1,0.0,1.0,0.0,0.0,0.0,1.0,1,1.0,NaN,NaN,NaN,NaN,0.0,3.177037399720338E8
81113,1,0.0,1.0,0.0,0.0,0.0,1.0,1,1.0,NaN,NaN,NaN,NaN,0.0,3.177037399720338E8
1255114,82,0.23170731707317074,0.7560975609756098,0.012195121951219513,0.041884816753926704,0.8902439024390244,0.975609756097561,3,1.0,NaN,NaN,NaN,NaN,0.0,3.177037399720338E8
38617,2,0.0,1.0,0.0,0.0,0.5,1.0,2,1.0,NaN,NaN,NaN,NaN,0.0,3.177037399720338E8
28378,68,0.11764705882352941,0.8382352941176471,0.04411764705882353,0.020942408376963352,0.9117647058823529,0.9705882352941176,1,1.0,NaN,NaN,NaN,NaN,0.0,3.177037399720338E8
1212616,1,0.0,1.0,0.0,0.0,1.0,0.0,1,1.0,NaN,NaN,NaN,NaN,0.0,3.177037399720338E8
2224381,10,0.9,0.1,0.0,0.0,1.0,0.8,1,1.0,NaN,NaN,NaN,NaN,0.0,3.177037399720338E8
18141,1,1.0,0.0,0.0,0.0,0.0,1.0,1,1.0,NaN,NaN,NaN,NaN,0.0,3.177037399720338E8
3492584,34,0.8529411764705882,0.14705882352941177,0.0,0.005235602094240838,0.9117647058823529,1.0,4,1.0,10.7859662,49.3349725,10.7941741,49.3468867,2121219.789312742,3.177037399720338E8
602324,1,0.0,1.0,0.0,0.0,1.0,1.0,1,1.0,NaN,NaN,NaN,NaN,0.0,3.177037399720338E8
57054,2,0.5,0.5,0.0,0.0,0.5,1.0,1,1.0,NaN,NaN,NaN,NaN,0.0,3.177037399720338E8
1599736,110,0.9090909090909091,0.09090909090909091,0.0,0.015706806282722512,0.9727272727272728,1.0,1,1.0,NaN,NaN,NaN,NaN,0.0,3.177037399720338E8
2801353,3,0.0,1.0,0.0,0.0,0.6666666666666667,1.0,1,1.0,NaN,NaN,NaN,NaN,0.0,3.177037399720338E8
152289,2,0.0,1.0,0.0,0.0,0.0,1.0,2,1.0,NaN,NaN,NaN,NaN,0.0,3.177037399720338E8
7399,104,0.9038461538461539,0.09615384615384616,0.0,0.010471204188481676,0.9423076923076923,0.9615384615384616,4,1.0,NaN,NaN,NaN,NaN,0.0,3.177037399720338E8
35560,258,0.1937984496124031,0.7906976744186046,0.015503875968992248,0.1099476439790576,0.9031007751937985,0.9922480620155039,4,1.0,NaN,NaN,NaN,NaN,0.0,3.177037399720338E8
2431181,1,1.0,0.0,0.0,0.0,1.0,1.0,1,1.0,NaN,NaN,NaN,NaN,0.0,3.177037399720338E8
165099,6421,0.8512692726989566,0.1300420495249961,0.018688677776047345,0.08376963350785341,0.9985983491667965,0.9992213050926647,9,1.0,10.741605857692308,49.30742387564105,10.751696697435891,49.31257408205129,765504.316789375,3.177037399720338E8
534753,3,0.0,1.0,0.0,0.0,0.6666666666666667,1.0,3,1.0,NaN,NaN,NaN,NaN,0.0,3.177037399720338E8
619237,686,0.47959183673469385,0.49416909620991256,0.026239067055393587,0.24607329842931938,0.9825072886297376,0.9956268221574344,16,0.0,10.7180664,49.3854782,10.7201929,49.3865899,35343.63418733932,3.177037399720338E8
46828,3,1.0,0.0,0.0,0.0,1.0,1.0,1,1.0,NaN,NaN,NaN,NaN,0.0,3.177037399720338E8
123116,1,0.0,1.0,0.0,0.0,1.0,1.0,1,1.0,NaN,NaN,NaN,NaN,0.0,3.177037399720338E8
29421,1,0.0,1.0,0.0,0.0,0.0,1.0,1,1.0,NaN,NaN,NaN,NaN,0.0,3.177037399720338E8
45806,964,0.9408713692946058,0.05912863070539419,0.0,0.031413612565445025,0.9937759336099585,0.9968879668049793,2,1.0,NaN,NaN,NaN,NaN,0.0,3.177037399720338E8
5359,3,0.3333333333333333,0.6666666666666666,0.0,0.0,0.6666666666666667,1.0,3,1.0,NaN,NaN,NaN,NaN,0.0,3.177037399720338E8
3079902,1,0.0,1.0,0.0,0.0,0.0,1.0,1,1.0,NaN,NaN,NaN,NaN,0.0,3.177037399720338E8
166129,4,0.0,1.0,0.0,0.010471204188481676,0.75,0.5,2,1.0,NaN,NaN,NaN,NaN,0.0,3.177037399720338E8
7412,464,0.4978448275862069,0.49353448275862066,0.008620689655172414,0.24607329842931938,0.9698275862068966,0.9935344827586207,1,1.0,NaN,NaN,NaN,NaN,0.0,3.177037399720338E8
742142,38,0.9736842105263158,0.02631578947368421,0.0,0.005235602094240838,0.8947368421052632,0.9736842105263158,1,0.0,10.4248875,48.7403579,11.470338,49.3593064,1.0124683793795887E10,3.177037399720338E8
399091,8,0.0,1.0,0.0,0.0,0.875,1.0,1,1.0,NaN,NaN,NaN,NaN,0.0,3.177037399720338E8
3440333,1,0.0,1.0,0.0,0.0,1.0,1.0,1,1.0,NaN,NaN,NaN,NaN,0.0,3.177037399720338E8
118011,11,0.0,1.0,0.0,0.06282722513089005,0.6363636363636364,1.0,2,1.0,NaN,NaN,NaN,NaN,0.0,3.177037399720338E8
4861,2,0.0,1.0,0.0,0.0,1.0,1.0,1,1.0,10.7997985,49.343972,10.8041155,49.3484774,380429.5498672308,3.177037399720338E8
210173,10,0.0,1.0,0.0,0.0,0.9,1.0,1,1.0,NaN,NaN,NaN,NaN,0.0,3.177037399720338E8
507640,308,0.512987012987013,0.43506493506493504,0.05194805194805195,0.07329842931937172,0.9707792207792207,0.987012987012987,7,0.48145746927427063,10.5919787,49.30358715,10.81999955,49.34924205,4.364912058722584E7,3.177037399720338E8
3279565,92,0.8695652173913043,0.13043478260869565,0.0,0.005235602094240838,1.0,1.0,1,1.0,NaN,NaN,NaN,NaN,0.0,3.177037399720338E8
1811172,1,0.0,0.0,1.0,0.0,1.0,1.0,1,1.0,NaN,NaN,NaN,NaN,0.0,3.177037399720338E8
134914,4,1.0,0.0,0.0,0.0,0.5,1.0,1,1.0,NaN,NaN,NaN,NaN,0.0,3.177037399720338E8
24833,31,0.9032258064516129,0.0967741935483871,0.0,0.0,0.8064516129032258,0.967741935483871,2,1.0,NaN,NaN,NaN,NaN,0.0,3.177037399720338E8
340228,1,1.0,0.0,0.0,0.0,1.0,1.0,1,1.0,NaN,NaN,NaN,NaN,0.0,3.177037399720338E8
177411,41,0.0,1.0,0.0,0.010471204188481676,0.975609756097561,0.9512195121951219,1,1.0,NaN,NaN,NaN,NaN,0.0,3.177037399720338E8
1951513,2,0.0,1.0,0.0,0.0,0.5,1.0,2,1.0,NaN,NaN,NaN,NaN,0.0,3.177037399720338E8
321283,4,0.5,0.25,0.25,0.0,0.75,0.75,1,1.0,NaN,NaN,NaN,NaN,0.0,3.177037399720338E8
17671,1,0.0,1.0,0.0,0.041884816753926704,0.0,1.0,1,1.0,NaN,NaN,NaN,NaN,0.0,3.177037399720338E8
5614428,158,0.9746835443037974,0.02531645569620253,0.0,0.010471204188481676,0.9936708860759493,0.9936708860759493,1,1.0,10.7861539,49.3820793,10.8156489,49.3864017,256511.9232560803,3.177037399720338E8
359695,84,0.6190476190476191,0.38095238095238093,0.0,0.005235602094240838,0.8809523809523809,0.9642857142857143,9,1.0,NaN,NaN,NaN,NaN,0.0,3.177037399720338E8
39691,1,0.0,1.0,0.0,0.005235602094240838,1.0,0.0,1,1.0,NaN,NaN,NaN,NaN,0.0,3.177037399720338E8
2853664,4,0.0,1.0,0.0,0.0,1.0,1.0,1,1.0,NaN,NaN,NaN,NaN,0.0,3.177037399720338E8
204045,8,0.0,0.75,0.25,0.0,1.0,1.0,1,1.0,NaN,NaN,NaN,NaN,0.0,3.177037399720338E8
1501465,5,0.0,1.0,0.0,0.0,1.0,1.0,1,1.0,NaN,NaN,NaN,NaN,0.0,3.177037399720338E8
8464,266,0.20676691729323307,0.6428571428571429,0.15037593984962405,0.18324607329842932,0.8909774436090225,0.981203007518797,12,0.5750982193234507,10.8127985,49.3582629,10.9174288,49.4124396,8.373309866009478E7,3.177037399720338E8
4394327,3,1.0,0.0,0.0,0.0,1.0,1.0,1,1.0,NaN,NaN,NaN,NaN,0.0,3.177037399720338E8
81175,1347,0.5486265775798069,0.4394951744617669,0.011878247958426132,0.21465968586387435,0.9844097995545658,0.9962880475129918,3,0.09218523274935275,10.71988825,49.183028,11.3800891,49.53450655,3.4463626168396745E9,3.177037399720338E8
39706,134,0.40298507462686567,0.5970149253731343,0.0,0.06282722513089005,0.9253731343283582,0.9850746268656716,1,1.0,NaN,NaN,NaN,NaN,0.0,3.177037399720338E8
48923,1,0.0,1.0,0.0,0.0,1.0,0.0,1,1.0,NaN,NaN,NaN,NaN,0.0,3.177037399720338E8
231704,1,0.0,1.0,0.0,0.0,0.0,1.0,1,1.0,NaN,NaN,NaN,NaN,0.0,3.177037399720338E8
62236,1112,0.5890287769784173,0.36780575539568344,0.04316546762589928,0.29842931937172773,0.9730215827338129,0.9928057553956835,10,1.0,NaN,NaN,NaN,NaN,0.0,3.177037399720338E8
276763,2,0.0,1.0,0.0,0.0,0.0,1.0,2,1.0,NaN,NaN,NaN,NaN,0.0,3.177037399720338E8
2097920,47,0.0,1.0,0.0,0.0,0.9361702127659575,1.0,2,1.0,NaN,NaN,NaN,NaN,0.0,3.177037399720338E8
1227570,2,1.0,0.0,0.0,0.0,0.5,1.0,1,1.0,NaN,NaN,NaN,NaN,0.0,3.177037399720338E8
107808,143,0.027972027972027972,0.951048951048951,0.02097902097902098,0.05759162303664921,0.9440559440559441,0.993006993006993,1,1.0,NaN,NaN,NaN,NaN,0.0,3.177037399720338E8
959785,10,0.0,1.0,0.0,0.041884816753926704,0.9,1.0,1,1.0,NaN,NaN,NaN,NaN,0.0,3.177037399720338E8
166693,1,0.0,1.0,0.0,0.0,0.0,1.0,1,1.0,NaN,NaN,NaN,NaN,0.0,3.177037399720338E8
48936,1,0.0,1.0,0.0,0.0,0.0,1.0,1,1.0,NaN,NaN,NaN,NaN,0.0,3.177037399720338E8
16170,1,1.0,0.0,0.0,0.0,1.0,0.0,1,1.0,NaN,NaN,NaN,NaN,0.0,3.177037399720338E8
30507,55,0.9090909090909091,0.09090909090909091,0.0,0.0,0.8363636363636364,0.9818181818181818,3,1.0,NaN,NaN,NaN,NaN,0.0,3.177037399720338E8
11566,86,0.9534883720930233,0.046511627906976744,0.0,0.0,0.9534883720930233,0.9883720930232558,2,1.0,NaN,NaN,NaN,NaN,0.0,3.177037399720338E8
132407,50,0.6,0.34,0.06,0.010471204188481676,0.92,0.98,2,1.0,NaN,NaN,NaN,NaN,0.0,3.177037399720338E8
97076,1,0.0,1.0,0.0,0.005235602094240838,1.0,1.0,1,1.0,NaN,NaN,NaN,NaN,0.0,3.177037399720338E8
16696,1,0.0,1.0,0.0,0.0,0.0,1.0,1,1.0,NaN,NaN,NaN,NaN,0.0,3.177037399720338E8
310589,5,0.0,0.6,0.4,0.005235602094240838,0.8,1.0,2,0.1076972753756509,10.7557864,49.1253327,11.1922253,49.4745238,2.708012100651457E9,3.177037399720338E8
28476,2,0.0,0.5,0.5,0.0,1.0,1.0,1,1.0,NaN,NaN,NaN,NaN,0.0,3.177037399720338E8
526645,13,0.23076923076923078,0.07692307692307693,0.6923076923076923,0.005235602094240838,0.9230769230769231,0.9230769230769231,1,1.0,NaN,NaN,NaN,NaN,0.0,3.177037399720338E8
118590,12,0.9166666666666666,0.08333333333333333,0.0,0.010471204188481676,1.0,0.9166666666666666,1,1.0,NaN,NaN,NaN,NaN,0.0,3.177037399720338E8
6975,4,0.0,1.0,0.0,0.005235602094240838,0.25,0.75,4,1.0,NaN,NaN,NaN,NaN,0.0,3.177037399720338E8
78656,15,0.4666666666666667,0.5333333333333333,0.0,0.02617801047120419,0.8666666666666667,0.9333333333333333,3,1.0,NaN,NaN,NaN,NaN,0.0,3.177037399720338E8
246593,58,0.7931034482758621,0.20689655172413793,0.0,0.005235602094240838,0.9310344827586207,0.9310344827586207,3,1.0,NaN,NaN,NaN,NaN,0.0,3.177037399720338E8
861006,1,0.0,0.0,1.0,0.0,1.0,1.0,1,1.0,NaN,NaN,NaN,NaN,0.0,3.177037399720338E8
96069,306,0.19281045751633988,0.7941176470588235,0.013071895424836602,0.13612565445026178,0.934640522875817,0.9934640522875817,13,1.0,10.825921966666668,49.36320056666667,10.8282411,49.3652477,87812.44508375952,3.177037399720338E8
60229,42,1.0,0.0,0.0,0.0,0.9523809523809523,1.0,1,1.0,NaN,NaN,NaN,NaN,0.0,3.177037399720338E8
704335,1,0.0,1.0,0.0,0.0,0.0,1.0,1,1.0,NaN,NaN,NaN,NaN,0.0,3.177037399720338E8
1049943,3,0.0,1.0,0.0,0.0,1.0,1.0,1,1.0,10.7474249,49.3102635,10.7478709,49.3104203,799.1468211320794,3.177037399720338E8
104779,32,0.0,1.0,0.0,0.0,0.90625,1.0,2,1.0,NaN,NaN,NaN,NaN,0.0,3.177037399720338E8
145231,43,0.0,0.9767441860465116,0.023255813953488372,0.0,0.8604651162790697,0.9767441860465116,7,1.0,NaN,NaN,NaN,NaN,0.0,3.177037399720338E8
116044,1,0.0,0.0,1.0,0.0,1.0,1.0,1,1.0,NaN,NaN,NaN,NaN,0.0,3.177037399720338E8
616774,2,0.0,1.0,0.0,0.0,1.0,1.0,2,0.0023049172093800815,9.170372,48.7623194,11.1994964,51.7765364,1.3783737597129648E11,3.177037399720338E8
161619,6,0.0,0.5,0.5,0.0,1.0,0.8333333333333334,1,1.0,NaN,NaN,NaN,NaN,0.0,3.177037399720338E8
34130,2,0.5,0.5,0.0,0.0,1.0,0.5,1,1.0,NaN,NaN,NaN,NaN,0.0,3.177037399720338E8
1766217,23,0.34782608695652173,0.6086956521739131,0.043478260869565216,0.06806282722513089,0.6956521739130435,1.0,3,1.0,NaN,NaN,NaN,NaN,0.0,3.177037399720338E8
104277,28,0.39285714285714285,0.6071428571428571,0.0,0.05235602094240838,0.8571428571428572,0.9642857142857143,2,1.0,NaN,NaN,NaN,NaN,0.0,3.177037399720338E8
89943,46,0.4782608695652174,0.45652173913043476,0.06521739130434782,0.020942408376963352,0.782608695652174,0.9347826086956522,4,1.0,NaN,NaN,NaN,NaN,0.0,3.177037399720338E8
24920,93,0.0,0.967741935483871,0.03225806451612903,0.0,0.8172043010752688,0.978494623655914,2,1.0,NaN,NaN,NaN,NaN,0.0,3.177037399720338E8
179033,25,0.0,1.0,0.0,0.0,0.84,0.96,1,1.0,NaN,NaN,NaN,NaN,0.0,3.177037399720338E8
3164012,8,0.0,0.625,0.375,0.015706806282722512,0.75,1.0,1,1.0,NaN,NaN,NaN,NaN,0.0,3.177037399720338E8
39774,42,0.0,0.9761904761904762,0.023809523809523808,0.010471204188481676,0.9761904761904762,1.0,3,1.0,NaN,NaN,NaN,NaN,0.0,3.177037399720338E8
106847,22,0.0,1.0,0.0,0.0,0.7727272727272727,0.9545454545454546,3,1.0,NaN,NaN,NaN,NaN,0.0,3.177037399720338E8
26974,32,0.0,1.0,0.0,0.0,0.96875,1.0,1,1.0,NaN,NaN,NaN,NaN,0.0,3.177037399720338E8
7009,3,0.3333333333333333,0.6666666666666666,0.0,0.0,0.0,1.0,2,1.0,NaN,NaN,NaN,NaN,0.0,3.177037399720338E8
91490,2,0.0,0.5,0.5,0.010471204188481676,1.0,1.0,1,1.0,NaN,NaN,NaN,NaN,0.0,3.177037399720338E8
109925,32,0.15625,0.625,0.21875,0.020942408376963352,0.78125,0.96875,2,1.0,NaN,NaN,NaN,NaN,0.0,3.177037399720338E8
8036,1,0.0,1.0,0.0,0.0,0.0,1.0,1,1.0,NaN,NaN,NaN,NaN,0.0,3.177037399720338E8
84839,6,0.0,1.0,0.0,0.0,0.33333333333333337,1.0,5,1.0,NaN,NaN,NaN,NaN,0.0,3.177037399720338E8
1731965,119,0.06722689075630252,0.9327731092436975,0.0,0.031413612565445025,0.9495798319327731,0.9831932773109243,1,1.0,10.815387274999999,49.324834325000005,10.819679750000002,49.32689615,125639.93861782354,3.177037399720338E8
47978,1,0.0,1.0,0.0,0.0,1.0,1.0,1,0.0,9.1300835,49.2041641,12.3156367,51.5643056,1.3351060989970534E11,3.177037399720338E8
333167,1,0.0,1.0,0.0,0.0,0.0,1.0,1,1.0,NaN,NaN,NaN,NaN,0.0,3.177037399720338E8
67441,3,0.0,1.0,0.0,0.0,0.6666666666666667,1.0,1,1.0,NaN,NaN,NaN,NaN,0.0,3.177037399720338E8
11123,14,1.0,0.0,0.0,0.010471204188481676,0.8571428571428572,1.0,1,1.0,NaN,NaN,NaN,NaN,0.0,3.177037399720338E8
149876,12,0.16666666666666666,0.3333333333333333,0.5,0.031413612565445025,0.8333333333333334,0.9166666666666666,2,1.0,NaN,NaN,NaN,NaN,0.0,3.177037399720338E8
43894,1,0.0,1.0,0.0,0.0,1.0,0.0,1,1.0,NaN,NaN,NaN,NaN,0.0,3.177037399720338E8
383858,5,0.0,1.0,0.0,0.0,0.8,1.0,1,1.0,NaN,NaN,NaN,NaN,0.0,3.177037399720338E8
2936,127,1.0,0.0,0.0,0.0,0.984251968503937,0.9921259842519685,1,1.0,NaN,NaN,NaN,NaN,0.0,3.177037399720338E8
74107,2,0.0,1.0,0.0,0.0,0.5,0.5,1,1.0,NaN,NaN,NaN,NaN,0.0,3.177037399720338E8
290680,63,0.0,1.0,0.0,0.0,0.8571428571428572,0.9682539682539683,11,0.0,-3.8013741249999997,17.188899425,77.81283965,52.905276325,2.907786500337138E11,3.177037399720338E8
373113,2,0.0,1.0,0.0,0.0,0.0,1.0,2,1.0,NaN,NaN,NaN,NaN,0.0,3.177037399720338E8
1943392,23,0.0,1.0,0.0,0.0,0.9565217391304348,1.0,1,1.0,NaN,NaN,NaN,NaN,0.0,3.177037399720338E8
30077,136,0.0,1.0,0.0,0.0,0.9779411764705882,0.9926470588235294,4,1.0,NaN,NaN,NaN,NaN,0.0,3.177037399720338E8
80255,14,0.0,1.0,0.0,0.0,0.6428571428571428,1.0,1,1.0,NaN,NaN,NaN,NaN,0.0,3.177037399720338E8
314235,2,0.5,0.5,0.0,0.0,0.5,0.5,1,1.0,NaN,NaN,NaN,NaN,0.0,3.177037399720338E8
153986,2,0.0,1.0,0.0,0.0,0.0,1.0,1,1.0,NaN,NaN,NaN,NaN,0.0,3.177037399720338E8
372615,105,0.18095238095238095,0.8095238095238095,0.009523809523809525,0.08900523560209424,0.9428571428571428,1.0,1,1.0,10.8193054,49.3073314,10.8323142,49.3115302,570735.5005594884,3.177037399720338E8
131968,23,0.30434782608695654,0.6521739130434783,0.043478260869565216,0.03664921465968586,0.6086956521739131,1.0,6,1.0,NaN,NaN,NaN,NaN,0.0,3.177037399720338E8
53123,331,0.23564954682779457,0.7643504531722054,0.0,0.14136125654450263,0.9486404833836858,0.9818731117824774,3,1.0,NaN,NaN,NaN,NaN,0.0,3.177037399720338E8
330630,1,0.0,1.0,0.0,0.0,0.0,1.0,1,1.0,NaN,NaN,NaN,NaN,0.0,3.177037399720338E8
122242,5,0.0,1.0,0.0,0.0,0.8,1.0,1,1.0,NaN,NaN,NaN,NaN,0.0,3.177037399720338E8
15748,302,0.24172185430463577,0.7483443708609272,0.009933774834437087,0.10471204188481675,0.9602649006622517,0.9933774834437086,17,0.3588178922511366,10.674268,49.30893235,11.08085855,49.4474598,6.178879116754127E8,3.177037399720338E8
48005,24932,0.6843815177282208,0.26680571153537624,0.04881277073640301,0.4712041884816754,0.998034654259586,0.9991978180651372,34,1.0,10.793104098571433,49.33777557285714,10.80505813,49.34511282428573,1409889.2564859274,3.177037399720338E8
1109397,299,0.0,1.0,0.0,0.0,0.9899665551839465,1.0,2,4.033322170520675E-4,6.208122375,47.6734608,14.153774300000002,53.288873925000004,7.876974031336067E11,3.177037399720338E8
118662,1,1.0,0.0,0.0,0.0,0.0,1.0,1,1.0,NaN,NaN,NaN,NaN,0.0,3.177037399720338E8
1098648,3397,0.5861053871062702,0.3088018840153076,0.10509272887842214,0.225130890052356,0.9964674712982043,0.9988224904327347,15,1.0,10.781013789361701,49.34824905531916,10.788638891489361,49.35665754680849,1276952.0882653904,3.177037399720338E8
192395,2,0.5,0.5,0.0,0.0,0.5,1.0,1,1.0,NaN,NaN,NaN,NaN,0.0,3.177037399720338E8
293774,3,0.0,1.0,0.0,0.0,0.6666666666666667,0.6666666666666667,2,3.7514031681665574E-4,5.9162861,48.0529573,13.7011692,53.9295622,8.468930843477076E11,3.177037399720338E8
16268,41,0.0975609756097561,0.9024390243902439,0.0,0.020942408376963352,0.8780487804878049,0.9512195121951219,1,1.0,NaN,NaN,NaN,NaN,0.0,3.177037399720338E8
142223,425,0.7035294117647058,0.04,0.2564705882352941,0.07853403141361257,0.9647058823529412,0.9905882352941177,7,1.0,NaN,NaN,NaN,NaN,0.0,3.177037399720338E8
187788,764,0.32722513089005234,0.6413612565445026,0.031413612565445025,0.17801047120418848,0.9594240837696335,0.9921465968586387,11,1.0,10.7927145,49.3281353,10.795117325,49.329653074999996,59361.28638539585,3.177037399720338E8
13712,6,0.0,0.5,0.5,0.015706806282722512,0.8333333333333334,1.0,2,1.0,NaN,NaN,NaN,NaN,0.0,3.177037399720338E8
12178,1,1.0,0.0,0.0,0.0,0.0,1.0,1,1.0,NaN,NaN,NaN,NaN,0.0,3.177037399720338E8
13203,26,0.038461538461538464,0.8846153846153846,0.07692307692307693,0.005235602094240838,0.7307692307692308,1.0,4,1.0,NaN,NaN,NaN,NaN,0.0,3.177037399720338E8
28052,1,0.0,1.0,0.0,0.0,0.0,1.0,1,1.0,NaN,NaN,NaN,NaN,0.0,3.177037399720338E8
62871,1,0.0,1.0,0.0,0.0,0.0,1.0,1,1.0,NaN,NaN,NaN,NaN,0.0,3.177037399720338E8
332178,1,0.0,1.0,0.0,0.0,0.0,1.0,1,1.0,NaN,NaN,NaN,NaN,0.0,3.177037399720338E8
79769,1,0.0,1.0,0.0,0.0,0.0,1.0,1,1.0,NaN,NaN,NaN,NaN,0.0,3.177037399720338E8
42393,13,0.15384615384615385,0.8461538461538461,0.0,0.010471204188481676,0.9230769230769231,1.0,1,1.0,10.7947815,49.3334527,10.7961465,49.3342152,16017.1304241899,3.177037399720338E8
64409,40,0.0,1.0,0.0,0.03664921465968586,0.975,1.0,1,1.0,NaN,NaN,NaN,NaN,0.0,3.177037399720338E8
50074,14,1.0,0.0,0.0,0.0,0.9285714285714286,1.0,1,1.0,NaN,NaN,NaN,NaN,0.0,3.177037399720338E8
314776,208,0.9038461538461539,0.09615384615384616,0.0,0.041884816753926704,0.9567307692307693,0.9759615384615384,6,1.0,NaN,NaN,NaN,NaN,0.0,3.177037399720338E8
89501,3,0.0,1.0,0.0,0.0,0.33333333333333337,1.0,1,1.0,NaN,NaN,NaN,NaN,0.0,3.177037399720338E8
3080626,12,0.08333333333333333,0.9166666666666666,0.0,0.010471204188481676,0.9166666666666666,0.9166666666666666,1,1.0,NaN,NaN,NaN,NaN,0.0,3.177037399720338E8
163228,9,0.7777777777777778,0.2222222222222222,0.0,0.0,0.8888888888888888,1.0,1,1.0,NaN,NaN,NaN,NaN,0.0,3.177037399720338E8
1281932,46,0.6739130434782609,0.30434782608695654,0.021739130434782608,0.005235602094240838,0.9565217391304348,0.9565217391304348,2,1.0,NaN,NaN,NaN,NaN,0.0,3.177037399720338E8
115102,5,0.0,1.0,0.0,0.0,0.6,1.0,2,1.0,NaN,NaN,NaN,NaN,0.0,3.177037399720338E8
44961,68,0.23529411764705882,0.7352941176470589,0.029411764705882353,0.020942408376963352,0.9264705882352942,0.9852941176470589,2,1.0,NaN,NaN,NaN,NaN,0.0,3.177037399720338E8
1443767,2,0.0,1.0,0.0,0.0,1.0,1.0,1,1.0,NaN,NaN,NaN,NaN,0.0,3.177037399720338E8
461734,3,0.0,1.0,0.0,0.0,1.0,1.0,1,1.0,NaN,NaN,NaN,NaN,0.0,3.177037399720338E8
364452,2,0.5,0.5,0.0,0.0,0.5,0.5,1,1.0,NaN,NaN,NaN,NaN,0.0,3.177037399720338E8
36260,10,1.0,0.0,0.0,0.0,0.9,1.0,1,1.0,NaN,NaN,NaN,NaN,0.0,3.177037399720338E8
83876,1863,0.870101986044015,0.10896403650026838,0.020933977455716585,0.2670157068062827,0.9871175523349437,0.9957058507783145,5,1.0,10.70833035,49.345592499999995,10.7962797,49.3862912,4.991683966401036E7,3.177037399720338E8
226218,36,0.75,0.25,0.0,0.020942408376963352,0.9722222222222222,1.0,2,1.0,10.7653386,49.32405956666667,10.767303399999998,49.325031233333334,27623.781793816233,3.177037399720338E8
130472,22,0.45454545454545453,0.5454545454545454,0.0,0.04712041884816754,0.9090909090909091,0.9545454545454546,2,1.0,NaN,NaN,NaN,NaN,0.0,3.177037399720338E8
695200,1,0.0,1.0,0.0,0.0,0.0,1.0,1,1.0,NaN,NaN,NaN,NaN,0.0,3.177037399720338E8
2149259,1698,0.0,0.016489988221436984,0.983510011778563,0.03664921465968586,0.997055359246172,0.9994110718492344,9,1.0,NaN,NaN,NaN,NaN,0.0,3.177037399720338E8
544675,2,0.0,0.5,0.5,0.0,0.5,1.0,1,1.0,NaN,NaN,NaN,NaN,0.0,3.177037399720338E8
7596,1,0.0,1.0,0.0,0.0,0.0,1.0,1,1.0,NaN,NaN,NaN,NaN,0.0,3.177037399720338E8
2182545,1,1.0,0.0,0.0,0.0,0.0,1.0,1,1.0,NaN,NaN,NaN,NaN,0.0,3.177037399720338E8
17331,1,0.0,1.0,0.0,0.0,0.0,1.0,1,1.0,NaN,NaN,NaN,NaN,0.0,3.177037399720338E8
589244,6,0.0,1.0,0.0,0.0,0.6666666666666667,1.0,2,0.14781605997081537,10.7770768,49.1503088,11.0544045,49.4232947,1.4476145462814229E9,3.177037399720338E8
70581,6,0.0,1.0,0.0,0.0,0.33333333333333337,1.0,1,1.0,NaN,NaN,NaN,NaN,0.0,3.177037399720338E8
305074,33,0.8181818181818182,0.18181818181818182,0.0,0.005235602094240838,0.9393939393939394,0.9696969696969697,2,1.0,NaN,NaN,NaN,NaN,0.0,3.177037399720338E8
235962,8,0.0,0.5,0.5,0.02617801047120419,0.75,0.875,1,1.0,NaN,NaN,NaN,NaN,0.0,3.177037399720338E8
110010,267,0.352059925093633,0.6479400749063671,0.0,0.07853403141361257,0.9812734082397003,0.9775280898876404,2,1.0,NaN,NaN,NaN,NaN,0.0,3.177037399720338E8
644533,1260,0.796031746031746,0.1246031746031746,0.07936507936507936,0.14659685863874344,0.9825396825396825,0.9896825396825397,20,1.0,10.7998266,49.3441041,10.8002374,49.3442845,997.4982744503894,3.177037399720338E8
42429,57,0.03508771929824561,0.9649122807017544,0.0,0.0,0.8421052631578947,0.9473684210526316,3,1.0,NaN,NaN,NaN,NaN,0.0,3.177037399720338E8
150460,1,0.0,1.0,0.0,0.0,0.0,1.0,1,1.0,NaN,NaN,NaN,NaN,0.0,3.177037399720338E8
16319,4,0.25,0.75,0.0,0.0,0.75,0.75,1,1.0,NaN,NaN,NaN,NaN,0.0,3.177037399720338E8
64959,1,0.0,0.0,1.0,0.0,1.0,1.0,1,1.0,NaN,NaN,NaN,NaN,0.0,3.177037399720338E8
870861,1,0.0,0.0,1.0,0.0,1.0,1.0,1,1.0,NaN,NaN,NaN,NaN,0.0,3.177037399720338E8
1232851,1,0.0,1.0,0.0,0.0,0.0,1.0,1,1.0,NaN,NaN,NaN,NaN,0.0,3.177037399720338E8
98757,29,0.9310344827586207,0.06896551724137931,0.0,0.04712041884816754,0.7931034482758621,0.9310344827586207,1,1.0,NaN,NaN,NaN,NaN,0.0,3.177037399720338E8
43972,4,0.0,1.0,0.0,0.015706806282722512,0.25,1.0,2,1.0,NaN,NaN,NaN,NaN,0.0,3.177037399720338E8
1787357,1,0.0,1.0,0.0,0.0,1.0,1.0,1,1.0,NaN,NaN,NaN,NaN,0.0,3.177037399720338E8
548288,3,0.0,1.0,0.0,0.0,1.0,1.0,3,1.0,NaN,NaN,NaN,NaN,0.0,3.177037399720338E8
1869781,1,1.0,0.0,0.0,0.0,0.0,1.0,1,1.0,NaN,NaN,NaN,NaN,0.0,3.177037399720338E8
13257,2,0.0,1.0,0.0,0.0,0.0,1.0,2,1.0,NaN,NaN,NaN,NaN,0.0,3.177037399720338E8
2114540,40,1.0,0.0,0.0,0.0,0.975,1.0,1,1.0,10.7890555,49.3537056,10.7909917,49.3543334,12804.328128334204,3.177037399720338E8
40397,8,0.625,0.375,0.0,0.0,0.75,0.875,1,1.0,NaN,NaN,NaN,NaN,0.0,3.177037399720338E8
4102122,1,0.0,1.0,0.0,0.0,1.0,1.0,1,1.0,10.7841426,49.3740379,10.7845204,49.3741944,766.332899754343,3.177037399720338E8
36821,3,1.0,0.0,0.0,0.005235602094240838,0.6666666666666667,1.0,1,1.0,NaN,NaN,NaN,NaN,0.0,3.177037399720338E8
554973,2,0.0,1.0,0.0,0.015706806282722512,1.0,1.0,1,1.0,NaN,NaN,NaN,NaN,0.0,3.177037399720338E8
77783,156,0.16025641025641027,0.7051282051282052,0.1346153846153846,0.031413612565445025,0.9743589743589743,1.0,1,1.0,NaN,NaN,NaN,NaN,0.0,3.177037399720338E8
49111,2953,0.005756857433118863,0.9942431425668812,0.0,0.1518324607329843,0.9905181171689807,0.9966136132746359,2,0.8581719314885748,10.8429211,49.3628995,10.877904,49.3941107,2.026129416484722E7,3.177037399720338E8
41431,21,0.23809523809523808,0.47619047619047616,0.2857142857142857,0.04712041884816754,0.7142857142857143,0.9523809523809523,3,1.0,NaN,NaN,NaN,NaN,0.0,3.177037399720338E8
48087,24,0.5,0.5,0.0,0.015706806282722512,0.7083333333333333,0.9583333333333334,3,1.0,NaN,NaN,NaN,NaN,0.0,3.177037399720338E8
9176,6,0.0,0.8333333333333334,0.16666666666666666,0.0,0.6666666666666667,1.0,3,1.0,NaN,NaN,NaN,NaN,0.0,3.177037399720338E8
25049,1,0.0,1.0,0.0,0.0,0.0,1.0,1,1.0,NaN,NaN,NaN,NaN,0.0,3.177037399720338E8
51167,1,0.0,1.0,0.0,0.0,0.0,1.0,1,1.0,NaN,NaN,NaN,NaN,0.0,3.177037399720338E8
391652,10394,0.6969405426207428,0.23446218972484126,0.06859726765441601,0.450261780104712,0.9952857417741005,0.9981720223205696,75,1.0,10.789839530952381,49.35952474761904,10.847858638095241,49.39339767619049,3.0874524883886147E7,3.177037399720338E8
17889,9,0.0,1.0,0.0,0.020942408376963352,1.0,1.0,1,1.0,NaN,NaN,NaN,NaN,0.0,3.177037399720338E8
1486839,1,0.0,1.0,0.0,0.0,0.0,1.0,1,0.0,6.8888461,39.6770414,24.701541,53.1014372,3.2774555203588955E12,3.177037399720338E8
1480181,2,0.5,0.5,0.0,0.0,0.5,0.5,1,1.0,NaN,NaN,NaN,NaN,0.0,3.177037399720338E8
123364,16,0.0,1.0,0.0,0.0,0.875,1.0,2,1.0,NaN,NaN,NaN,NaN,0.0,3.177037399720338E8
45542,1,0.0,0.0,1.0,0.0,1.0,1.0,1,1.0,NaN,NaN,NaN,NaN,0.0,3.177037399720338E8
222693,1,0.0,1.0,0.0,0.0,1.0,1.0,1,1.0,NaN,NaN,NaN,NaN,0.0,3.177037399720338E8
18407,5,0.0,0.8,0.2,0.03664921465968586,0.6,1.0,2,1.0,NaN,NaN,NaN,NaN,0.0,3.177037399720338E8
38376,202,0.7128712871287128,0.26732673267326734,0.019801980198019802,0.07853403141361257,0.9356435643564356,0.9752475247524752,4,1.0,10.7867516,49.3348616,10.8204389,49.3914589,4.331160805014715E7,3.177037399720338E8
140776,1,0.0,1.0,0.0,0.0,0.0,1.0,1,0.7642835293220065,10.7882797,49.2860531,10.8485015,49.3511664,7.750074528133784E7,3.177037399720338E8
12783,10,0.0,1.0,0.0,0.0,0.6,1.0,2,1.0,NaN,NaN,NaN,NaN,0.0,3.177037399720338E8
129518,1,0.0,1.0,0.0,0.005235602094240838,0.0,1.0,1,1.0,NaN,NaN,NaN,NaN,0.0,3.177037399720338E8
280053,152,0.75,0.21710526315789475,0.03289473684210526,0.031413612565445025,0.9736842105263158,0.9868421052631579,6,1.0,10.81629775,49.323128499999996,10.8182546,49.32431375,37025.52939489581,3.177037399720338E8
1783785,42,0.8571428571428571,0.09523809523809523,0.047619047619047616,0.0,0.9523809523809523,1.0,2,1.0,NaN,NaN,NaN,NaN,0.0,3.177037399720338E8
195062,31,0.3225806451612903,0.6774193548387096,0.0,0.041884816753926704,1.0,1.0,2,1.0,NaN,NaN,NaN,NaN,0.0,3.177037399720338E8
2722257,5107,0.8975915410221265,0.10005874290189935,0.002349716075974153,0.13612565445026178,0.9994125709810064,1.0,14,1.0,10.726140892857146,49.33532375714284,10.803081271428569,49.36624026428571,3.020968930993978E7,3.177037399720338E8
144891,129,0.6821705426356589,0.20930232558139536,0.10852713178294573,0.005235602094240838,0.9844961240310077,0.9922480620155039,1,1.0,10.8010894,49.3469791,10.8073673,49.3502138,299931.7019728471,3.177037399720338E8
354815,2,0.0,1.0,0.0,0.0,0.5,1.0,1,1.0,NaN,NaN,NaN,NaN,0.0,3.177037399720338E8
83965,43,0.5813953488372093,0.37209302325581395,0.046511627906976744,0.07853403141361257,0.813953488372093,0.9534883720930233,2,1.0,NaN,NaN,NaN,NaN,0.0,3.177037399720338E8
3211213,4,0.0,1.0,0.0,0.0,0.5,1.0,3,1.0,NaN,NaN,NaN,NaN,0.0,3.177037399720338E8
3617226,2,0.0,1.0,0.0,0.0,0.5,1.0,2,1.0,NaN,NaN,NaN,NaN,0.0,3.177037399720338E8
1232876,1,0.0,1.0,0.0,0.0,1.0,1.0,1,1.0,NaN,NaN,NaN,NaN,0.0,3.177037399720338E8
31231,36,0.05555555555555555,0.9444444444444444,0.0,0.0,0.6944444444444444,0.9444444444444444,5,1.0,NaN,NaN,NaN,NaN,0.0,3.177037399720338E8
76798,20,0.0,1.0,0.0,0.0,0.85,1.0,1,1.0,NaN,NaN,NaN,NaN,0.0,3.177037399720338E8
