uid,total_contributions,p_creation,p_modification,p_delete,p_is_used,p_is_edited,p_is_deleted,nbWeeks,focalisation,lonMin,latMin,lonMax,latMax,area_mean_chgst,area_stuhr_bbox
0,1,1.0,0.0,0.0,0.0,1.0,0.0,1,0.0,8.0306112,53.0044,8.8522612,53.44257,6.469948852332119E9,4.137817205930928E8
3585,2,0.0,1.0,0.0,0.0,0.5,0.5,1,4.626017536814234E-6,-83.8415948,-33.9500963,28.6760505,63.8364066,8.944663899351512E13,4.137817205930928E8
98821,1,0.0,1.0,0.0,0.0,0.0,1.0,1,1.0,-180.0,-57.0688329,180.0,69.4617532,0.0,4.137817205930928E8
327683,29,0.27586206896551724,0.6551724137931034,0.06896551724137931,0.00980392156862745,0.9655172413793104,1.0,1,1.0,8.7416173,53.0488869,8.7436806,53.0506302,75451.69954636788,4.137817205930928E8
252932,1,0.0,1.0,0.0,0.0,0.0,1.0,1,1.0,8.8149816,53.0402593,8.8168397,53.0411788,28996.871418191575,4.137817205930928E8
38919,3,0.0,1.0,0.0,0.0,0.6666666666666667,1.0,1,2.935295632273988E-4,5.6032822,47.2008687,15.0379635,55.0865994,1.4096764770250212E12,4.137817205930928E8
25608,4,0.25,0.75,0.0,0.03431372549019608,1.0,1.0,1,1.0,8.6806621,53.0266036,8.7129067,53.0453537,1.1099112557461664E7,4.137817205930928E8
300556,1,1.0,0.0,0.0,0.0,1.0,0.0,1,0.7336938501609059,8.7198102,53.0513114,8.7320868,53.0587286,1696574.9102011744,4.137817205930928E8
59402,1,0.0,1.0,0.0,0.0,0.0,1.0,1,0.6515411330120534,8.7325947,53.0528101,8.7575307,53.0633827,4135083.995154714,4.137817205930928E8
1420318,9011,0.8016868272111863,0.11896570857840418,0.0793474642104095,0.3284313725490196,0.9977804905115969,0.9991121962046388,48,0.01765769476579689,8.4200261882353,52.08793471764707,9.258214781372557,53.2528071617647,2.343350737915074E10,4.137817205930928E8
2315816,3,0.0,1.0,0.0,0.0,1.0,1.0,1,0.19601520403350137,8.8030385,52.9710099,8.9287157,53.0368105,1.437439413797486E8,4.137817205930928E8
2344498,2,0.0,1.0,0.0,0.0,1.0,1.0,1,0.10787220986465615,7.3860197,52.8219351,8.9641859,53.0777944,1.4568373307160678E9,4.137817205930928E8
389655,212,0.5424528301886793,0.3632075471698113,0.09433962264150944,0.014705882352941176,0.9669811320754716,0.9811320754716981,3,1.0,8.744207216666668,53.045208499999994,8.748687566666668,53.04824479999999,264617.53688961215,4.137817205930928E8
2380336,2,0.0,1.0,0.0,0.0,0.5,1.0,1,0.002732419294790223,7.6771746,52.1198811,11.0846102,54.4418237,1.5143419656786615E11,4.137817205930928E8
1206790,4,0.5,0.5,0.0,0.0,0.75,0.75,3,1.0,8.804019333333333,53.03600170000001,8.8118374,53.04463736666667,1534408.3975029245,4.137817205930928E8
81431,155,0.9032258064516129,0.0967741935483871,0.0,0.024509803921568627,0.9419354838709677,0.9870967741935484,1,1.0,8.793860566666666,53.05092668888889,8.797596466666668,53.05279532222223,119259.46818633375,4.137817205930928E8
87063,4,0.0,1.0,0.0,0.0,0.5,0.75,2,0.6562239480714089,8.7090751,53.018848,8.8761423,53.0590334,6.051573547437911E7,4.137817205930928E8
4045355,1,0.0,1.0,0.0,0.0,1.0,1.0,1,0.0,8.6261703,53.0517799,8.6329653,53.053211,70557.30690550763,4.137817205930928E8
595998,8,0.0,0.25,0.75,0.029411764705882353,0.875,0.875,1,0.10927478177178886,8.7491674,53.0301054,8.970415,53.1448332,4.400588188764695E8,4.137817205930928E8
8732,4,0.0,1.0,0.0,0.0,0.25,1.0,2,4.2810176841624325E-4,6.49544415,47.493428800000004,13.73191835,54.255079550000005,9.66549897992416E11,4.137817205930928E8
81955,3,0.0,1.0,0.0,0.0,1.0,1.0,1,0.8999674578690973,8.6824478,52.9562554,8.8358328,53.0415471,2.3483028792295295E8,4.137817205930928E8
1822270,26,0.6538461538461539,0.34615384615384615,0.0,0.014705882352941176,1.0,1.0,1,0.7084612567891525,8.7859981,53.0510369,8.8064231,53.0740228,1.0737617089482503E7,4.137817205930928E8
3112,11,0.36363636363636365,0.6363636363636364,0.0,0.00980392156862745,0.8181818181818181,1.0,1,0.0,8.1867351,52.3205841,10.355411,53.151029,2.5297247266183064E10,4.137817205930928E8
70696,26,0.0,1.0,0.0,0.00980392156862745,0.5769230769230769,0.9230769230769231,16,0.0,-34.01098559411765,23.527569035294118,52.88376518823528,58.214884476470594,1.9733313712261684E13,4.137817205930928E8
123946,11,0.45454545454545453,0.5454545454545454,0.0,0.0,0.7272727272727273,0.9090909090909091,1,1.0,8.74402525,53.01913545000001,8.784378700000001,53.058291499999996,3.457463531896175E7,4.137817205930928E8
759328,78,0.48717948717948717,0.3076923076923077,0.20512820512820512,0.024509803921568627,0.9743589743589743,0.9743589743589743,1,1.0,8.764583850000001,53.04105654999999,8.81293535,53.054243099999994,6863630.783653043,4.137817205930928E8
4652,321,0.7507788161993769,0.22741433021806853,0.021806853582554516,0.10784313725490197,0.897196261682243,0.9813084112149533,21,0.46270889586801833,8.68614579117647,52.94001002647058,8.873886505882352,53.12412781470589,7.584315222281781E8,4.137817205930928E8
5164,9,0.0,1.0,0.0,0.0,0.33333333333333337,1.0,2,0.0,2.95226,23.706065,7.5062175,27.5065595,2.2834665854990295E11,4.137817205930928E8
269865,17,0.35294117647058826,0.5294117647058824,0.11764705882352941,0.0196078431372549,1.0,1.0,1,0.009548279034857634,8.75372025,53.0162177,9.809287900000001,53.467056,7.243486548720007E9,4.137817205930928E8
17966,16,0.5625,0.4375,0.0,0.00980392156862745,0.6875,0.9375,1,3.780422277931842E-4,7.5333296,51.6544429,13.6695089,53.916765,1.667866898355224E11,4.137817205930928E8
18483,18,0.2222222222222222,0.7222222222222222,0.05555555555555555,0.0,0.6666666666666667,1.0,6,0.16836447676715408,8.80184865,53.033068500000006,8.905320416666665,53.082516216666676,8.516120996672887E7,4.137817205930928E8
9779,4,1.0,0.0,0.0,0.0,0.75,1.0,1,0.0,8.1942283,53.044043,8.7164479,53.1370718,2.2747389173059395E8,4.137817205930928E8
147510,31,0.0,1.0,0.0,0.0,0.7741935483870968,1.0,1,3.1510991970777163E-4,5.553028,46.985221,12.9889653,55.2634123,1.3131345435803098E12,4.137817205930928E8
14390,4,0.0,1.0,0.0,0.0,0.75,1.0,2,0.012387398013664036,7.752360449999999,52.8872479,9.0960567,53.42000825,1.1042156229309404E10,4.137817205930928E8
27194,4142,0.6948334138097537,0.27209077740222115,0.03307580878802511,0.37254901960784315,0.9828585224529213,0.9958957025591502,48,0.0,8.575073531192663,52.06502085871559,8.59935043119266,52.07464999357797,3514230.321439629,4.137817205930928E8
39482,12,1.0,0.0,0.0,0.0,0.8333333333333334,0.9166666666666666,1,0.6667966743155714,8.7857486,53.0415636,8.8347323,53.0501936,1556920.4123040382,4.137817205930928E8
95293,22,0.045454545454545456,0.18181818181818182,0.7727272727272727,0.014705882352941176,0.9090909090909091,1.0,4,0.012544038312761947,8.30060635,52.147321433333325,9.730963583333335,53.28642313333334,3.298632468079463E10,4.137817205930928E8
36925,4,0.0,1.0,0.0,0.004901960784313725,0.75,1.0,3,0.7837197208851978,8.627737866666665,52.97465603333334,8.741094366666667,53.0524843,1.7264688088603324E8,4.137817205930928E8
65086,3,0.0,1.0,0.0,0.0,0.33333333333333337,1.0,1,0.0,4.40905835,26.45540735,4.4153018,26.52338685,7223055.337140612,4.137817205930928E8
890418,1508,0.6293103448275862,0.28779840848806365,0.08289124668435013,0.08823529411764706,0.9980106100795756,1.0,4,1.0,8.734148928571429,53.039637285714285,8.760609085714284,53.05786425714286,9437611.748839486,4.137817205930928E8
2096672,11,0.0,0.9090909090909091,0.09090909090909091,0.0196078431372549,1.0,1.0,1,1.0,8.7858158,53.0515747,8.7886269,53.0528951,61456.19131325312,4.137817205930928E8
3484277,5,0.0,1.0,0.0,0.0,1.0,1.0,3,1.0,8.787340825000001,53.052188575,8.78913325,53.05319025,32291.65854793853,4.137817205930928E8
58950,1,0.0,1.0,0.0,0.0,0.0,1.0,1,1.0,8.7251982,53.0211286,8.7423867,53.0316106,3366179.0928390995,4.137817205930928E8
28234,1,1.0,0.0,0.0,0.0,1.0,1.0,1,0.08826946449879,8.7836558,53.0518839,8.889929,53.1111786,1.1307381480579579E8,4.137817205930928E8
61005,460,0.5173913043478261,0.44565217391304346,0.03695652173913044,0.1715686274509804,0.932608695652174,0.991304347826087,32,0.23511458359729745,8.705461032258064,53.018051775806455,8.954933953225808,53.12159054999997,3.976907806821265E8,4.137817205930928E8
106577,4,0.0,1.0,0.0,0.004901960784313725,1.0,1.0,1,0.007095680327086459,8.7719936,52.8720428,9.0924458,54.6745706,2.4049565869321743E10,4.137817205930928E8
39504,1,0.0,1.0,0.0,0.0,0.0,1.0,1,4.395798768280249E-4,7.1959344,47.5500912,12.4235508,55.2656663,9.41311789745496E11,4.137817205930928E8
4576276,1,0.0,1.0,0.0,0.0,1.0,1.0,1,1.0,8.7761427,53.0525006,8.776676,53.0528177,3123.847663287207,4.137817205930928E8
16978,2,0.0,1.0,0.0,0.0,0.5,1.0,1,0.0,8.47272685,52.70295715,8.63074285,52.8355631,4.3727748176588225E8,4.137817205930928E8
131670,2,0.0,0.5,0.5,0.0,0.5,1.0,1,1.0,8.7686951,53.0420187,8.8118097,53.0571062,8926155.353050277,4.137817205930928E8
1418319,11,0.45454545454545453,0.5454545454545454,0.0,0.0,0.7272727272727273,1.0,1,0.37145452375759314,8.807154400000002,53.04989246666667,8.835225833333334,53.058202566666665,2743259.341130457,4.137817205930928E8
23644,14,1.0,0.0,0.0,0.0,0.8571428571428572,1.0,2,0.3463981026272688,8.63892895,52.857451049999995,8.8054136,53.02114495000001,5.974634320891912E8,4.137817205930928E8
393816,44,0.0,1.0,0.0,0.0,0.9545454545454546,1.0,1,1.0,8.6968109,53.042445,8.742521199999999,53.05590135,7282004.932740918,4.137817205930928E8
715371,40240,0.737872763419483,0.2110089463220676,0.05111829025844931,1.0,0.9970675944333997,0.9993290258449304,113,0.4591429152305736,8.707367640000001,53.004360814516104,8.867193056774203,53.10035188645162,2.844341318200383E8,4.137817205930928E8
3716187,12,0.5,0.5,0.0,0.014705882352941176,0.9166666666666666,0.9166666666666666,1,2.4691790928348074E-4,5.112289,47.034619,15.1937623,55.664307,1.6757865875092908E12,4.137817205930928E8
2101827,3,1.0,0.0,0.0,0.0,0.33333333333333337,1.0,1,1.0,8.734155,53.0472646,8.7393425,53.0479616,7807.822864540454,4.137817205930928E8
2230854,6,0.0,1.0,0.0,0.0,0.8333333333333334,0.8333333333333334,2,0.006226216834500848,7.6662996,51.87713445,9.9923422,53.389061350000006,6.645796823204687E10,4.137817205930928E8
73317,2,0.0,1.0,0.0,0.0,0.5,1.0,1,1.0,8.7859724,53.0520199,8.7859725,53.05202,2.2083080019439814E-4,4.137817205930928E8
88164,8,0.0,1.0,0.0,0.0,0.5,1.0,2,0.03309146664733671,8.21257755,52.91292095,9.0681438,53.43465705,8.39811144976824E9,4.137817205930928E8
1219701,50,0.62,0.16,0.22,0.004901960784313725,0.98,1.0,1,1.0,8.734771924999999,53.0494085,8.735114325,53.049611699999986,1286.3315949655178,4.137817205930928E8
2437198,3,1.0,0.0,0.0,0.0,0.33333333333333337,1.0,1,0.44382310452239343,8.7400536,53.040004,8.8923954,53.0833624,7.446891713992828E7,4.137817205930928E8
149097,1,0.0,1.0,0.0,0.0,0.0,1.0,1,1.0,-125.1572169,-47.0772501,165.438923,78.5122251,0.0,4.137817205930928E8
1209983,28,0.6785714285714286,0.32142857142857145,0.0,0.004901960784313725,0.8928571428571429,1.0,1,0.9541936064274084,8.70752005,53.0298871,8.73203635,53.058365550000005,1.61232038258834E7,4.137817205930928E8
6436882,3,0.3333333333333333,0.6666666666666666,0.0,0.0,1.0,1.0,2,1.0,8.7965023,53.052735600000005,8.8026257,53.0545154,126030.47908216753,4.137817205930928E8
581242,2,0.0,1.0,0.0,0.0,0.0,1.0,2,0.164375029818995,8.71016535,53.0408132,8.8693203,53.1159097,1.9841957528144848E8,4.137817205930928E8
155761,75,0.0,1.0,0.0,0.03431372549019608,0.8666666666666667,1.0,8,0.08748635319369683,8.490807733333334,52.996326555555555,8.730569699999998,53.14533253333334,6.76374227425582E8,4.137817205930928E8
2675,87,0.11494252873563218,0.7471264367816092,0.13793103448275862,0.19117647058823528,0.896551724137931,0.9885057471264368,8,1.0,8.782033545454546,53.027541236363646,8.817244945454545,53.04899439999999,1.4074928611473827E7,4.137817205930928E8
92274,3,0.0,1.0,0.0,0.0,0.33333333333333337,1.0,2,4.983530885221218E-4,6.6886113,48.3010776,13.18261735,54.57924145,8.302982967762327E11,4.137817205930928E8
3923016,1,1.0,0.0,0.0,0.0,1.0,0.0,1,1.0,8.785949,53.0519916,8.785949,53.0519916,0.0,4.137817205930928E8
108149,14,0.0,1.0,0.0,0.0196078431372549,0.8571428571428572,1.0,3,1.0,8.7740894,53.04489435714286,8.792641314285712,53.06134215714286,6493675.564876208,4.137817205930928E8
1778799,1,0.0,1.0,0.0,0.0,1.0,1.0,1,1.0,-180.0,-55.9482923,180.0,74.9295848,0.0,4.137817205930928E8
141943,5,0.0,1.0,0.0,0.04411764705882353,0.6,1.0,3,1.0,8.7112248,53.03975450000001,8.7207808,53.04308816666668,439024.28899972123,4.137817205930928E8
408688,1,0.0,1.0,0.0,0.0,1.0,1.0,1,0.0011124793010372082,6.4382274,50.2493323,11.4804095,54.0279853,3.719455456000915E11,4.137817205930928E8
223348,6,0.0,1.0,0.0,0.0,0.6666666666666667,1.0,2,0.8102524952669732,8.797186366666669,53.0512871,8.8204328,53.06651933333334,6788875.3793418,4.137817205930928E8
339581,7,0.0,1.0,0.0,0.0,0.8571428571428572,1.0,1,0.0,-59.602355450000005,36.9473059,80.54962665,57.76562654999999,1.2207025681728395E13,4.137817205930928E8
2680,2,0.0,0.5,0.5,0.0,0.5,1.0,2,2.050293563699738E-4,5.2880491,46.17685505,17.0875832,55.668534550000004,2.0181584136001824E12,4.137817205930928E8
51324,11,0.0,1.0,0.0,0.004901960784313725,1.0,1.0,1,0.0030771344320946344,8.6420675,52.3671296,12.9037048,53.7726143,6.235722045997762E10,4.137817205930928E8
65148,1,0.0,1.0,0.0,0.0,1.0,1.0,1,0.0011797888567155787,5.8347815,50.5129485,11.204482,53.9809674,3.507252320936665E11,4.137817205930928E8
177791,22,0.2727272727272727,0.7272727272727273,0.0,0.029411764705882353,0.7727272727272727,0.9090909090909091,1,1.0,8.7922093,53.05010442500001,8.800974400000001,53.055492475,883498.0298053036,4.137817205930928E8
6269,2369,0.0,0.9924018573237653,0.007598142676234698,0.1323529411764706,0.9915576192486281,0.9966230476994512,1,0.23029830472690616,8.6429522,52.8353657,8.952143,53.1092131,1.7967206536051846E9,4.137817205930928E8
30845,1,0.0,0.0,1.0,0.0,1.0,1.0,1,4.3068226261027494E-4,5.7046086,48.1135919,12.6719203,54.8017066,9.607586764433912E11,4.137817205930928E8
6270,12,0.25,0.6666666666666666,0.08333333333333333,0.014705882352941176,0.5833333333333333,1.0,3,0.003847233926184138,7.456637766666667,51.39110756666667,9.913789333333332,53.500152033333336,1.0755304422143636E11,4.137817205930928E8
461945,17,0.0,0.5294117647058824,0.47058823529411764,0.03431372549019608,0.9411764705882353,1.0,1,0.004380798302915109,8.6966912,52.7801764,11.2923628,54.5504407,8.680605545586813E10,4.137817205930928E8
6797848,1,0.0,1.0,0.0,0.0,1.0,1.0,1,1.0,8.7419595,53.0508849,8.742371,53.0510374,902.4160768237734,4.137817205930928E8
279687,10,0.6,0.4,0.0,0.0,0.9,0.9,1,1.0,8.788552500000002,53.05070375,8.79549745,53.0555236,655897.0425790299,4.137817205930928E8
3021485,18,0.3333333333333333,0.6666666666666666,0.0,0.014705882352941176,0.9444444444444444,1.0,3,1.0,8.717351800000001,53.04273106666667,8.727717966666665,53.05074186666667,1692553.0047640789,4.137817205930928E8
63107,1,0.0,1.0,0.0,0.0,1.0,1.0,1,0.0027182379732368827,6.8592869,52.1617294,12.9344113,54.2462396,1.5222424403863388E11,4.137817205930928E8
2846895,4,0.0,1.0,0.0,0.004901960784313725,0.75,1.0,1,1.0,8.7493793,52.9825163,8.8123873,53.0371162,7.260304598669407E7,4.137817205930928E8
64134,4,0.0,1.0,0.0,0.0,0.75,1.0,1,1.0,8.7336342,53.0331484,8.735361,53.0334915,3597.354738182052,4.137817205930928E8
6732000,33,0.42424242424242425,0.12121212121212122,0.45454545454545453,0.014705882352941176,1.0,1.0,1,1.0,8.737049,53.0402595,8.7379787,53.0410328,15003.350455342124,4.137817205930928E8
1817244,1,0.0,1.0,0.0,0.0,1.0,1.0,1,0.03047154828607009,8.6132148,52.9945509,9.1021481,53.5227808,5.865002372654803E9,4.137817205930928E8
16008,2,0.5,0.5,0.0,0.0,0.5,0.5,2,1.0,-164.02817950000002,-45.76849525,168.2294556,75.36075545,0.0,4.137817205930928E8
34953,1,0.0,1.0,0.0,0.004901960784313725,0.0,1.0,1,1.0,8.6749691,53.004537,8.7076186,53.0300827,1.707164178863699E7,4.137817205930928E8
42123,28,0.0,0.9642857142857143,0.03571428571428571,0.029411764705882353,0.6785714285714286,1.0,5,0.0,8.289077659999998,52.371518800000004,10.23567358,52.83702282,7.440030348270733E9,4.137817205930928E8
201359,262,0.916030534351145,0.061068702290076333,0.022900763358778626,0.04411764705882353,0.9770992366412213,0.9923664122137404,2,4.106552415944587E-5,-24.4211754,45.8494522,17.0134851,56.47109016666667,1.007613391190369E13,4.137817205930928E8
88204,389,0.9974293059125964,0.002570694087403599,0.0,0.11274509803921569,0.9640102827763496,0.9897172236503856,1,3.0501782554112736E-4,5.868981928571429,47.27173176428571,15.039851321428575,55.05450129285713,1.356582094371072E12,4.137817205930928E8
76428,4,0.0,1.0,0.0,0.0,0.5,1.0,1,0.9738278261906681,8.8008221,53.05676375,8.8134856,53.06953585,3580351.257487483,4.137817205930928E8
601223,172,0.3023255813953488,0.43023255813953487,0.26744186046511625,0.0392156862745098,0.9651162790697675,0.9767441860465116,11,1.0,8.775246884210526,53.05050856315789,8.77701594736842,53.05241997894736,76414.35866368274,4.137817205930928E8
44174,6,0.0,1.0,0.0,0.004901960784313725,0.5,1.0,2,0.005112207379899175,8.1706591,50.48206655,9.08095935,53.415096,8.093993256612637E10,4.137817205930928E8
329877,7,0.0,1.0,0.0,0.0,0.5714285714285714,0.8571428571428572,1,0.0,-117.2671425,30.5591641,21.3175181,56.1224303,2.5804109539948387E13,4.137817205930928E8
324245,21,0.6666666666666666,0.3333333333333333,0.0,0.0,0.9523809523809523,0.9523809523809523,2,1.0,8.740613533333333,53.04628623333334,8.740999549999998,53.04658889999999,2391.663716973415,4.137817205930928E8
12945,20,1.0,0.0,0.0,0.0,0.9,0.95,1,1.0,8.7143113,53.052361,8.7151527,53.052796,6378.693030766048,4.137817205930928E8
416407,8,0.0,1.0,0.0,0.004901960784313725,0.5,0.875,1,0.3631083322947605,8.683234299999999,53.0371976,8.76784065,53.08509225,7.350531251306723E7,4.137817205930928E8
40595,13,0.46153846153846156,0.5384615384615384,0.0,0.029411764705882353,0.7692307692307692,0.9230769230769231,1,0.5881487158367534,8.8021765,53.018997,8.8350154,53.0313673,5870834.794195613,4.137817205930928E8
251543,1,0.0,1.0,0.0,0.0,0.0,1.0,1,3.6440849476905015E-4,6.1437509,47.1269148,14.3699882,54.3317277,1.1354886796899006E12,4.137817205930928E8
795290,22,0.18181818181818182,0.7272727272727273,0.09090909090909091,0.05392156862745098,0.8636363636363636,0.9545454545454546,1,1.0,8.8088234,53.0296512,8.8149231,53.0319723,206181.9582800756,4.137817205930928E8
53911,2,0.0,1.0,0.0,0.0,0.0,1.0,1,0.0,7.155965,48.6786367,12.1811856,53.0927728,4.347812893452916E11,4.137817205930928E8
55960,22,0.6363636363636364,0.36363636363636365,0.0,0.004901960784313725,0.7727272727272727,1.0,1,0.5372237244447123,8.77458905,53.03646295,8.854337950000001,53.069023599999994,3.96102721011059E7,4.137817205930928E8
59547,9,0.2222222222222222,0.7777777777777778,0.0,0.049019607843137254,0.4444444444444444,1.0,2,0.7794310689261209,8.60800485,52.9593637,8.81769525,53.04142025,2.571968097285839E8,4.137817205930928E8
90780,14,0.0,1.0,0.0,0.0,0.9285714285714286,1.0,1,3.238240864448209E-4,5.5996693,46.9275088,14.279166,54.5513105,1.2777978473926787E12,4.137817205930928E8
626345,14,1.0,0.0,0.0,0.00980392156862745,0.9285714285714286,1.0,1,1.0,8.7118969,53.0492682,8.7122635,53.0494995,1607.7260878442873,4.137817205930928E8
2073275,1,0.0,1.0,0.0,0.0,0.0,1.0,1,1.0,8.8150433,53.0469738,8.8170603,53.0480665,39043.731357888704,4.137817205930928E8
12966,1,0.0,1.0,0.0,0.004901960784313725,1.0,1.0,1,0.40464716884095275,8.7576476,52.9449485,8.7989042,52.9693924,1.8561078190408606E7,4.137817205930928E8
1260731,22,0.22727272727272727,0.7272727272727273,0.045454545454545456,0.04411764705882353,0.9090909090909091,1.0,2,0.9617222285348687,8.71856395,53.02101425,8.76576525,53.063553600000006,4.297615062785389E7,4.137817205930928E8
4665071,1,1.0,0.0,0.0,0.0,1.0,1.0,1,0.020057081825611115,8.605452,53.0327534,8.8123621,53.2780458,1.183136532518062E9,4.137817205930928E8
573089,394,0.9873096446700508,0.012690355329949238,0.0,0.0,0.9898477157360406,1.0,1,1.0,8.772451100000001,53.04880465,8.774991,53.051137600000004,127515.71066185345,4.137817205930928E8
1494719,54,0.0,1.0,0.0,0.00980392156862745,0.9814814814814815,1.0,1,1.0,8.6658953,52.9584721,8.7921545,53.0429213,2.063007026785769E8,4.137817205930928E8
1101497,1,0.0,1.0,0.0,0.0,0.0,1.0,1,0.0,-53.3453258,4.7469588,17.7801605,53.0615292,4.611505116997467E13,4.137817205930928E8
639648,1,0.0,1.0,0.0,0.0,0.0,1.0,1,0.038852155388299135,8.7365504,53.0473975,8.9673866,53.1705647,4.9994074469601685E8,4.137817205930928E8
160936,312,0.6923076923076923,0.16025641025641027,0.14743589743589744,0.09313725490196079,0.9519230769230769,0.9903846153846154,7,1.0,8.809569999999999,53.03809366,8.81285748,53.040658066666666,171912.7830727139,4.137817205930928E8
115883,115,0.3565217391304348,0.6347826086956522,0.008695652173913044,0.0392156862745098,0.9391304347826087,0.9739130434782609,2,1.0,8.783809482352941,53.05089821764707,8.78780981764706,53.052801582352956,126923.39028615762,4.137817205930928E8
5925104,2,0.0,1.0,0.0,0.0,0.5,1.0,1,1.0,8.7434193,53.0414209,8.7444912,53.0418527,7035.624928447937,4.137817205930928E8
10927,8,0.0,1.0,0.0,0.0,0.75,1.0,2,1.0,-143.04594285000002,0.49784014999999826,102.6382002,63.132770300000004,0.0,4.137817205930928E8
5297,19,1.0,0.0,0.0,0.0,0.5263157894736843,0.9473684210526316,1,0.0,7.3853352,52.9905518,9.0077639,53.2420103,1.0390910157294405E9,4.137817205930928E8
14002,192,0.3333333333333333,0.625,0.041666666666666664,0.18137254901960784,0.9427083333333334,0.984375,13,0.2704181637142681,8.718731983333335,53.029250000000005,8.858390122222225,53.114607972222224,2.2266541102466533E8,4.137817205930928E8
38066,1,0.0,1.0,0.0,0.0,0.0,1.0,1,1.0,8.7601213,53.0504162,8.7601213,53.0504162,0.0,4.137817205930928E8
680121,5,0.0,1.0,0.0,0.0,0.8,1.0,2,0.16263141111179263,8.68238865,53.02740785,8.82313135,53.1675185,4.3566999289850634E8,4.137817205930928E8
437941,1,0.0,1.0,0.0,0.0,1.0,1.0,1,0.007003779292945249,8.5434492,53.0208115,8.9014645,53.5805978,5.082466548186168E9,4.137817205930928E8
477363,3,0.6666666666666666,0.3333333333333333,0.0,0.0,0.33333333333333337,1.0,1,1.0,8.733887966666666,53.040518999999996,8.733887966666666,53.040518999999996,0.0,4.137817205930928E8
3965065,15,0.2,0.13333333333333333,0.6666666666666666,0.00980392156862745,1.0,1.0,1,1.0,8.73967115,53.0480498,8.743585150000001,53.0496232,93511.69383174127,4.137817205930928E8
110263,2,0.0,1.0,0.0,0.0,0.0,1.0,2,0.27292754818569237,8.662467150000001,52.7518245,8.81965955,53.09918245,1.516086314275491E9,4.137817205930928E8
579262,1,0.0,1.0,0.0,0.0,1.0,1.0,1,1.0,8.7910792,53.0531006,8.7921103,53.053661,10264.235475473322,4.137817205930928E8
2270868,5,0.0,0.0,1.0,0.004901960784313725,1.0,1.0,1,1.0,8.790676,53.0504279,8.7910537,53.0506473,1515.0134774561507,4.137817205930928E8
192181,114,0.6929824561403509,0.2982456140350877,0.008771929824561403,0.12254901960784313,0.9473684210526316,1.0,4,0.13824654001611694,8.4712364,52.88243465,8.743019349999999,53.2143218,2.1160336999440536E9,4.137817205930928E8
44217,11,0.0,1.0,0.0,0.0,1.0,1.0,1,1.0,8.761015439999998,53.04345598,8.76647774,53.048272610000005,559085.4896900499,4.137817205930928E8
9402,2,1.0,0.0,0.0,0.0,0.5,1.0,1,8.629663853302242E-5,4.8319764,39.0484131,19.3792755,56.406914,4.794876459003144E12,4.137817205930928E8
88763,6,1.0,0.0,0.0,0.0,0.8333333333333334,1.0,1,1.0,8.8079375,53.0309396,8.8082697,53.0311849,1630.5810477291598,4.137817205930928E8
42683,1,0.0,1.0,0.0,0.0,1.0,0.0,1,1.0,-134.2494963,-41.8737495,172.3713198,73.9082566,0.0,4.137817205930928E8
26299,4,0.0,1.0,0.0,0.004901960784313725,0.5,1.0,2,0.0,-57.15666185,4.8035977500000016,91.01958339999999,60.16994165,5.103068923864243E12,4.137817205930928E8
121023,19,0.7894736842105263,0.21052631578947367,0.0,0.004901960784313725,0.7894736842105263,0.9473684210526316,2,1.0,8.68454095,53.0239176,8.70871825,53.036023899999996,5027066.176540177,4.137817205930928E8
165061,2,0.0,1.0,0.0,0.0,1.0,1.0,1,1.0,8.7855961,53.0515831,8.7864853,53.052295,13034.331948580877,4.137817205930928E8
1712338,5,0.0,1.0,0.0,0.0,0.8,1.0,2,1.0,8.784841733333332,53.052064933333334,8.786284866666668,53.0528605,20528.906132050422,4.137817205930928E8
407246,1,0.0,1.0,0.0,0.0,0.0,1.0,1,0.0,8.5173026,53.0440675,8.7164212,53.0581342,6.738279926261467E7,4.137817205930928E8
1988823,4,0.0,1.0,0.0,0.0,0.75,1.0,1,0.13560080107458694,8.7558739,52.9826323,9.2719888,53.0831659,2.6670214771097153E8,4.137817205930928E8
32972,9,0.8888888888888888,0.1111111111111111,0.0,0.024509803921568627,0.6666666666666667,1.0,1,0.5062909221233524,8.777249,53.0390598,8.8097719,53.0929043,4.4793397875538945E7,4.137817205930928E8
621253,1,0.0,1.0,0.0,0.0,1.0,1.0,1,1.0,-129.093507,-40.5432789,149.4417279,76.9222846,0.0,4.137817205930928E8
127694,83,0.8433734939759037,0.1566265060240964,0.0,0.05392156862745098,0.927710843373494,0.9879518072289156,2,1.0,8.802321160000002,53.025746059999996,8.81135412,53.04318539999999,4213485.30865165,4.137817205930928E8
445142,3948,0.8799392097264438,0.10055724417426545,0.01950354609929078,0.28431372549019607,0.9949341438703141,0.9987335359675785,24,1.0,8.778884360000001,53.01670369166666,8.806034680000003,53.033631291666666,8642172.203064695,4.137817205930928E8
722137,19,0.0,1.0,0.0,0.049019607843137254,0.5789473684210527,0.9473684210526316,1,0.17398075305315233,8.619986575,52.862747399999996,8.920778575,53.20695305,2.3783189423641567E9,4.137817205930928E8
448212,16,0.625,0.25,0.125,0.014705882352941176,0.8125,0.9375,6,1.0,8.795922916666667,53.051747983333335,8.806706816666669,53.06226456666666,2484922.05866071,4.137817205930928E8
70357,2,0.5,0.5,0.0,0.0,0.0,1.0,1,9.616110595777984E-6,-73.5380047,45.5065925,9.0995266,53.4573678,4.30300500885219E13,4.137817205930928E8
16085,1,0.0,1.0,0.0,0.0,0.0,1.0,1,1.0,8.7011553,53.0039893,8.7207115,53.0082268,627418.5298832566,4.137817205930928E8
247003,1,1.0,0.0,0.0,0.0,0.0,1.0,1,1.0,8.7894703,53.0197697,8.7955885,53.0221655,217934.5045773242,4.137817205930928E8
360669,1,0.0,1.0,0.0,0.0,0.0,1.0,1,1.0,8.7727431,53.0422615,8.8058459,53.0504526,2556647.526496523,4.137817205930928E8
465118,8,0.0,1.0,0.0,0.0,1.0,1.0,1,1.0,8.7249615,53.0454559,8.7266717,53.0462789,23675.735127768385,4.137817205930928E8
524500,1,0.0,1.0,0.0,0.0,1.0,1.0,1,3.3074703917172674E-5,-9.1528905,38.6766241,8.7281049,53.0385733,4.912155230150211E12,4.137817205930928E8
4707483,1,1.0,0.0,0.0,0.0,1.0,0.0,1,1.0,8.7376134,53.0501774,8.7376134,53.0501774,0.0,4.137817205930928E8
963280,2,0.0,1.0,0.0,0.004901960784313725,0.5,0.5,1,0.5553465720620546,8.8169511,53.0363193,8.8223757,53.0370271,12078.078717247112,4.137817205930928E8
230627,3,0.3333333333333333,0.6666666666666666,0.0,0.0,0.33333333333333337,1.0,2,0.38911187525385704,8.62255305,52.888518000000005,8.7077261,53.06198065,4.0057896420780575E8,4.137817205930928E8
412390,8,0.0,1.0,0.0,0.014705882352941176,0.75,1.0,4,1.0,8.792771425,53.048929650000005,8.816216025,53.0564283,2233540.320692756,4.137817205930928E8
393959,4,0.0,1.0,0.0,0.0392156862745098,1.0,1.0,1,1.0,8.6830582,53.0336505,8.6877573,53.0355404,135419.52562574577,4.137817205930928E8
425191,1,0.0,1.0,0.0,0.0,1.0,1.0,1,1.0,8.7370261,53.0469642,8.737355,53.0472641,2119.33905106386,4.137817205930928E8
76002,4,0.0,0.5,0.5,0.004901960784313725,0.75,1.0,1,0.15988824362033896,8.792788100000001,53.02428940000001,8.969278733333335,53.05729793333333,2.7206953309555758E7,4.137817205930928E8
85218,2,0.0,1.0,0.0,0.0,0.5,1.0,2,0.0,-0.6401216999999999,9.869064400000003,63.639731600000005,54.07168075,1.5712512011647416E13,4.137817205930928E8
152289,1,0.0,1.0,0.0,0.0,1.0,1.0,1,1.0,8.781281,53.0498218,8.7836749,53.0515197,80289.27318992392,4.137817205930928E8
429794,18,0.1111111111111111,0.8333333333333334,0.05555555555555555,0.12254901960784313,0.7222222222222222,1.0,4,1.0,8.670544940000001,53.01815498,8.692728220000001,53.02974962,4510052.449420828,4.137817205930928E8
229,10,1.0,0.0,0.0,0.0,0.6,1.0,1,5.290326013178976E-5,3.3042997,47.25875855,25.5739126,67.0220604,7.821478668087789E12,4.137817205930928E8
604910,1,0.0,0.0,1.0,0.0,1.0,1.0,1,0.8598601642151958,8.80186,53.0526375,8.817974,53.0678532,5319145.593411613,4.137817205930928E8
661218,5,0.8,0.0,0.2,0.0,0.8,1.0,1,0.9833858219567648,8.6473868,53.0079493,8.7940745,53.045706,5.5931809929463424E7,4.137817205930928E8
23785,1,0.0,1.0,0.0,0.0,0.0,1.0,1,0.0,-11.7227007,35.3055293,26.5211801,55.3886778,1.0652646125246963E13,4.137817205930928E8
8426,183,0.8633879781420765,0.12568306010928962,0.01092896174863388,0.0392156862745098,0.9180327868852459,0.9562841530054644,3,0.6785680553748737,8.791685516666666,53.04949511666667,8.824647516666667,53.07211001666667,1.454019563785623E7,4.137817205930928E8
1260280,7,0.0,1.0,0.0,0.004901960784313725,1.0,0.8571428571428572,1,0.10029612808325417,8.655893,53.0294987,8.8887071,53.1715448,6.18069159002986E8,4.137817205930928E8
212207,1,0.0,1.0,0.0,0.0,0.0,1.0,1,0.0,8.6411008,48.6999531,9.7025233,53.034782,1.480626566021982E11,4.137817205930928E8
431336,589,0.025466893039049237,0.933786078098472,0.04074702886247878,0.014705882352941176,1.0,1.0,1,1.0,8.733174169230772,53.03990387692306,8.7352963,53.04153002307692,70102.83089291355,4.137817205930928E8
638183,12,0.0,1.0,0.0,0.0,0.8333333333333334,1.0,1,0.004021482198984557,7.122981666666665,52.341855166666654,11.115274900000001,54.03103436666667,1.0289283903769974E11,4.137817205930928E8
5359,3,0.0,1.0,0.0,0.0,0.33333333333333337,1.0,2,1.0,8.756225149999999,53.0446226,8.75642495,53.044738949999996,426.02211605171834,4.137817205930928E8
4669621,3,0.0,1.0,0.0,0.0,1.0,1.0,1,0.002288287170005026,7.7226044,51.60615315,11.1920212,54.245263800000004,1.808259583923568E11,4.137817205930928E8
166129,1,0.0,1.0,0.0,0.0,1.0,0.0,1,1.0,-179.60351,-58.9406468,180.0,71.1484785,0.0,4.137817205930928E8
35574,383,0.35509138381201044,0.597911227154047,0.04699738903394256,0.10294117647058823,0.9242819843342036,0.9973890339425587,7,0.8047632857196737,8.686100457142857,52.99377737142857,8.813959171428571,53.082715721428556,2.2323087655742565E8,4.137817205930928E8
85242,8,0.75,0.25,0.0,0.014705882352941176,0.625,1.0,1,0.8436746273766762,8.7900356,53.0487514,8.7991444,53.0702791,5591954.816933124,4.137817205930928E8
114430,311,0.2958199356913183,0.4919614147909968,0.21221864951768488,0.28431372549019607,0.9614147909967845,0.9839228295819936,10,0.13867000332189394,8.589712700000002,52.78554465,8.958252570000003,53.055647009999994,1.9831498499168653E9,4.137817205930928E8
134914,4,0.0,0.0,1.0,0.0,1.0,1.0,1,0.0014008252289601506,6.179802,51.0736551,11.5452444,54.1510074,2.953842578208332E11,4.137817205930928E8
4562245,7,0.0,0.7142857142857143,0.2857142857142857,0.00980392156862745,0.8571428571428572,1.0,1,0.8173532686627712,8.8160952,53.0398306,8.819796925,53.04305925,252749.96707334428,4.137817205930928E8
322818,1,0.0,1.0,0.0,0.0,0.0,1.0,1,1.0,8.8001846,53.0507127,8.8123887,53.0588611,1920120.5670427524,4.137817205930928E8
147211,151,0.5496688741721855,0.2847682119205298,0.16556291390728478,0.12745098039215685,0.880794701986755,0.9735099337748344,4,1.0,8.784025100000001,53.0484995375,8.795261812500001,53.056398550000004,1747363.4055959992,4.137817205930928E8
364815,3,0.0,1.0,0.0,0.0,0.6666666666666667,1.0,1,0.0,7.0129953,48.6813757,14.1798885,53.4257587,5.834423941663853E11,4.137817205930928E8
17679,104,0.5096153846153846,0.47115384615384615,0.019230769230769232,0.024509803921568627,0.9423076923076923,1.0,2,1.0,8.7882341,53.051402475,8.794037375,53.0569602,702884.3622110548,4.137817205930928E8
13072,1,0.0,1.0,0.0,0.0,0.0,1.0,1,0.0,5.4166479,48.3571749,14.4058641,53.962004,8.630551449968972E11,4.137817205930928E8
688921,1,0.0,1.0,0.0,0.0,0.0,1.0,1,1.0,8.804312,53.0497537,8.8064856,53.0515372,80427.14788946975,4.137817205930928E8
1299206,158,0.5822784810126582,0.4050632911392405,0.012658227848101266,0.0784313725490196,0.9556962025316456,0.9936708860759493,5,1.0,8.739775416666665,53.031772950000004,8.762773983333332,53.051661475,9661979.58829225,4.137817205930928E8
52501,142,0.7676056338028169,0.22535211267605634,0.007042253521126761,0.00980392156862745,0.9436619718309859,0.9929577464788732,3,0.33448181925082676,8.737266525,53.027874800000006,8.828717874999999,53.114045825,1.7099469260408482E8,4.137817205930928E8
29975,1622,0.8403205918618989,0.14858199753390874,0.011097410604192354,0.27941176470588236,0.9864364981504316,0.9969173859432799,7,1.0,8.694082580000002,53.01819695999999,8.793835599999998,53.05811508000001,6.027207322028352E7,4.137817205930928E8
67862,6,0.0,0.3333333333333333,0.6666666666666666,0.004901960784313725,1.0,1.0,1,1.0,8.8083418,53.0301436,8.8089837,53.030478,3734.9403329543907,4.137817205930928E8
454417,1,1.0,0.0,0.0,0.0,0.0,1.0,1,1.0,8.7232141,53.0356062,8.725832,53.0381867,148624.98845254214,4.137817205930928E8
1737985,65,0.0,1.0,0.0,0.0,0.8615384615384616,1.0,4,1.0,8.747884227272728,53.04778987272727,8.768524290909088,53.05622540909092,2668238.438249195,4.137817205930928E8
44827,4,0.0,1.0,0.0,0.0,0.5,1.0,1,0.633409865003826,8.7975069,53.04651235,8.824429850000001,53.07250355,1.5283536972527724E7,4.137817205930928E8
2097920,1,0.0,1.0,0.0,0.0,0.0,1.0,1,0.0,7.3187855,53.0351625,8.9273111,53.2644607,3.3851231720206374E8,4.137817205930928E8
644905,3,0.3333333333333333,0.6666666666666666,0.0,0.0,1.0,1.0,1,0.2130542024507274,8.7474617,53.03960503333334,8.891203733333333,53.10483286666666,1.5215485236913148E8,4.137817205930928E8
151840,493,0.795131845841785,0.20486815415821502,0.0,0.10294117647058823,0.9918864097363083,0.9939148073022313,3,1.0,8.7460765875,53.04114332500001,8.779387825,53.064150825,1.5005620768716626E7,4.137817205930928E8
518947,6,1.0,0.0,0.0,0.0,0.8333333333333334,0.8333333333333334,1,1.0,8.741796,53.0498222,8.7422461,53.0499279,416.07159641888194,4.137817205930928E8
580397,4,0.0,0.0,1.0,0.004901960784313725,0.75,1.0,1,1.0,8.781101,53.0504218,8.7900233,53.0615435,2337702.6672596727,4.137817205930928E8
539437,1,0.0,1.0,0.0,0.0,0.0,1.0,1,0.0,8.798864,53.0677843,8.801898,53.0695235,95930.23404070904,4.137817205930928E8
11558,12,0.75,0.16666666666666666,0.08333333333333333,0.0,0.9166666666666666,0.9166666666666666,1,1.0,8.8147566,53.0393743,8.8166341,53.0410226,65583.03377895788,4.137817205930928E8
1829683,2,0.0,1.0,0.0,0.0,0.5,1.0,1,1.0,8.7856244,53.0529033,8.7858513,53.0531313,1144.017335196954,4.137817205930928E8
461103,1,0.0,1.0,0.0,0.0,0.0,1.0,1,0.0015068823539879474,7.1932426,51.700563,13.7928596,54.627524,2.7459457568006158E11,4.137817205930928E8
17192,1,1.0,0.0,0.0,0.0,0.0,1.0,1,1.0,8.8080081,53.0298404,8.8080081,53.0298404,0.0,4.137817205930928E8
323886,165,0.06060606060606061,0.9393939393939394,0.0,0.08823529411764706,0.9757575757575757,0.9939393939393939,5,1.0,8.732171871428571,53.04350482857143,8.743170228571428,53.048878,1000943.465877376,4.137817205930928E8
874791,5,0.2,0.8,0.0,0.0,0.6,1.0,1,0.32636374981556027,8.7143721,52.9515918,8.8641076,53.1773176,8.41268733814538E8,4.137817205930928E8
104747,13,0.0,1.0,0.0,0.00980392156862745,0.6923076923076923,1.0,1,0.8406329197102855,8.8126775,53.0503031,8.8186389,53.0526194,203952.99163284418,4.137817205930928E8
148776,2,0.0,1.0,0.0,0.0,1.0,1.0,1,0.0036771780554371676,8.126443,52.9636109,8.8458353,53.5321825,8.497618856037698E9,4.137817205930928E8
2276105,1,0.0,1.0,0.0,0.0,1.0,1.0,1,1.0,8.7880182,53.0500819,8.7894981,53.0509611,24013.068940982605,4.137817205930928E8
114477,46,0.0,1.0,0.0,0.014705882352941176,0.9347826086956522,1.0,1,1.0,8.7133964625,53.0472697125,8.744626187499998,53.057759325000006,4375210.069123306,4.137817205930928E8
416042,1,0.0,1.0,0.0,0.0,0.0,1.0,1,1.0,8.7979334,53.0547689,8.800376,53.0559317,47325.39932977091,4.137817205930928E8
57645,457,0.3851203501094092,0.612691466083151,0.002188183807439825,0.19117647058823528,0.962800875273523,0.9846827133479212,12,0.0,8.301991917647058,49.92420402941177,13.383546005882353,53.254795188235285,2.9031495517854156E11,4.137817205930928E8
282922,27,0.0,0.5925925925925926,0.4074074074074074,0.004901960784313725,0.962962962962963,1.0,1,1.0,8.7234606,53.043336,8.7315149,53.0483155,753918.9318450333,4.137817205930928E8
7471,5,0.2,0.6,0.2,0.0,0.6,1.0,1,3.3355638871610904E-4,5.4104425,47.6819087,14.8940741,54.8147725,1.2405150511005916E12,4.137817205930928E8
388405,4,0.0,0.75,0.25,0.0,0.25,1.0,2,0.8876531386327023,8.795458400000001,53.04811395,8.818808350000001,53.06433895,7423581.951889036,4.137817205930928E8
21809,5,0.2,0.6,0.2,0.004901960784313725,0.6,1.0,1,1.0,8.8124125,53.0345388,8.8151563,53.036617,115100.28551276564,4.137817205930928E8
49971,1,0.0,1.0,0.0,0.004901960784313725,0.0,1.0,1,0.002730032852752962,7.0135298,51.5130829,10.9581188,53.7006105,1.5156657187324167E11,4.137817205930928E8
149303,118,0.9830508474576272,0.01694915254237288,0.0,0.049019607843137254,0.9322033898305084,1.0,3,0.471992122659197,8.7074955,53.035650800000006,8.772489166666666,53.08329246666667,6.197339467672332E7,4.137817205930928E8
53559,475,0.18105263157894738,0.5810526315789474,0.23789473684210527,0.28431372549019607,0.9305263157894736,0.9852631578947368,23,1.0,8.696573217391297,53.0222650362319,8.75464146521739,53.04854002463768,2.4848351926983565E7,4.137817205930928E8
275763,8,0.875,0.125,0.0,0.0,0.875,1.0,1,1.0,8.7465397,53.0479258,8.7560455,53.0566483,1784717.5456922133,4.137817205930928E8
2545951,345,0.02318840579710145,0.9710144927536232,0.005797101449275362,0.024509803921568627,0.9797101449275363,0.9942028985507246,16,1.0,8.729731917857142,53.033072221428576,8.815481414285715,53.06452543214285,3.840162083583659E7,4.137817205930928E8
16185,44,0.13636363636363635,0.8636363636363636,0.0,0.004901960784313725,0.7954545454545454,0.9772727272727273,3,0.1345587402261846,8.50244154,52.993522840000004,8.693568540000001,53.08138532000002,2.779236143569573E8,4.137817205930928E8
45882,14,0.0,0.9285714285714286,0.07142857142857142,0.0,0.9285714285714286,1.0,2,0.07841320873239942,8.740436966666666,52.958257233333335,9.357498566666665,53.22919996666667,2.6248699017570004E9,4.137817205930928E8
1852,9,1.0,0.0,0.0,0.0,0.5555555555555556,1.0,1,0.22740943766670357,8.712201,53.0066223,9.191398,53.1015782,2.5337923824139792E8,4.137817205930928E8
6975,6,0.0,1.0,0.0,0.0,0.33333333333333337,1.0,3,0.0,-84.03484116666668,-12.958109266666666,114.28641956666667,61.61430466666667,7.880304204339265E12,4.137817205930928E8
419654,3,0.0,1.0,0.0,0.0,0.6666666666666667,1.0,2,0.17386983272092985,8.588011133333334,52.82558526666667,8.707004,53.116960166666665,9.954888396950291E8,4.137817205930928E8
710985,7,0.2857142857142857,0.7142857142857143,0.0,0.00980392156862745,0.7142857142857143,1.0,2,0.42480197828786104,8.751316500000001,53.0006369,8.91746395,53.0541547,1.1332207032222535E8,4.137817205930928E8
240960,87,0.42528735632183906,0.5632183908045977,0.011494252873563218,0.024509803921568627,0.8160919540229885,0.9770114942528736,2,1.0,8.712601900000001,53.040985160000005,8.74553534,53.055845340000005,7958271.585621496,4.137817205930928E8
774984,1,0.0,1.0,0.0,0.04411764705882353,1.0,1.0,1,0.0,8.6597321,53.0475736,8.663118,53.0533212,501249.3952717926,4.137817205930928E8
96069,1,0.0,1.0,0.0,0.0,0.0,1.0,1,1.0,-136.0129255,-30.572155,170.6779348,64.6288868,0.0,4.137817205930928E8
2146151,1,0.0,1.0,0.0,0.0,1.0,1.0,1,1.0,8.8113801,53.0243053,8.8162689,53.025833,92764.38202480446,4.137817205930928E8
526656,16,0.0,1.0,0.0,0.0,0.75,0.9375,1,1.0,8.742287399999999,53.0527966,8.766117399999999,53.060110249999994,2142218.1682027113,4.137817205930928E8
53064,1,0.0,1.0,0.0,0.0,0.0,1.0,1,0.0,8.6256735,53.0523503,8.6330808,53.0531921,39773.02128836966,4.137817205930928E8
62281,39,0.41025641025641024,0.5897435897435898,0.0,0.00980392156862745,0.7692307692307692,0.9487179487179487,5,1.0,8.735622125,53.04699717500001,8.737252979166668,53.048672374999995,60855.63817424578,4.137817205930928E8
104779,31,0.8387096774193549,0.16129032258064516,0.0,0.0196078431372549,0.8064516129032258,1.0,2,0.001048468170899182,7.1229553999999995,50.09537925,12.4680717,54.01448775,3.946535832730405E11,4.137817205930928E8
1781079,9,0.0,1.0,0.0,0.0,0.7777777777777778,1.0,2,1.0,8.8053479,53.0401496,8.812814966666666,53.044027199999995,503157.42552778975,4.137817205930928E8
1242462,7,0.2857142857142857,0.7142857142857143,0.0,0.0,1.0,1.0,3,1.0,8.79811165,53.03776714999999,8.8025436,53.039879225,155999.91571604033,4.137817205930928E8
145231,17,0.0,0.8823529411764706,0.11764705882352941,0.0,0.7647058823529411,1.0,3,0.0,-62.30239906666667,-5.263094033333335,75.88713373333333,62.5779769,3.2209929925484137E13,4.137817205930928E8
1535322,1,0.0,1.0,0.0,0.0,0.0,1.0,1,0.18428288667111117,8.5980551,52.8264462,8.7038375,53.1092271,8.839004267258478E8,4.137817205930928E8
604999,1,0.0,1.0,0.0,0.0,1.0,0.0,1,1.0,-180.0,-56.5243948,180.0,70.4071514,0.0,4.137817205930928E8
350549,110,0.3181818181818182,0.5909090909090909,0.09090909090909091,0.014705882352941176,0.9818181818181818,0.990909090909091,2,1.0,8.7352836,53.04997246666667,8.7374877,53.05173980000001,80352.46673400856,4.137817205930928E8
47952,9,0.0,1.0,0.0,0.0,0.33333333333333337,1.0,2,0.0,8.776983099999999,53.065353099999996,8.79497645,53.074612550000005,2887842.397064813,4.137817205930928E8
161619,108,0.16666666666666666,0.6481481481481481,0.18518518518518517,0.1323529411764706,0.8611111111111112,0.9814814814814815,19,1.0,8.772784237037039,53.03930112962963,8.786179514814814,53.047716977777775,2128174.799819638,4.137817205930928E8
566618,12,0.75,0.25,0.0,0.0,0.6666666666666667,0.75,1,0.048642705355076095,8.6085943,53.0302623,8.9016911,53.1755577,7.265773245862257E8,4.137817205930928E8
43346,6,0.0,1.0,0.0,0.0,0.6666666666666667,1.0,2,0.0,7.9298627,52.814371300000005,8.33385405,52.9344872,6.211321415925508E8,4.137817205930928E8
31059,16,0.0,1.0,0.0,0.0,0.4375,1.0,2,0.0,-36.9943405,20.3515806,3.52335855,25.37647585,3.7989806758197295E12,4.137817205930928E8
9555,9,1.0,0.0,0.0,0.0,0.6666666666666667,1.0,1,1.0,8.724749,53.027461,8.7533993,53.0524798,1.5191383868700767E7,4.137817205930928E8
76114,2,0.5,0.5,0.0,0.0,0.0,1.0,1,0.1311622832908472,8.0371966,52.8365167,8.7779549,53.0211557,1.3937757181329496E9,4.137817205930928E8
66391,41,0.024390243902439025,0.9024390243902439,0.07317073170731707,0.004901960784313725,0.926829268292683,1.0,4,0.022798349906899714,8.429499533333333,52.65167231666667,10.098412066666667,53.366394283333335,1.8149634613155293E10,4.137817205930928E8
39256,259,0.525096525096525,0.36293436293436293,0.11196911196911197,0.0392156862745098,0.9420849420849421,0.9845559845559846,5,0.0,7.9147462399999995,47.736413,7.93467115,47.74750836,3685646.298342853,4.137817205930928E8
24920,1,0.0,1.0,0.0,0.0,0.0,1.0,1,0.0,8.8826699,53.0374827,10.0378056,53.3997803,4.839005869688874E9,4.137817205930928E8
179033,2,0.0,1.0,0.0,0.0,0.5,1.0,1,2.991719910832794E-4,5.5993709,47.1423871,15.4142122,54.8353004,1.3830897708532812E12,4.137817205930928E8
599893,2,0.0,1.0,0.0,0.0,0.5,0.5,1,0.010660363608641353,8.1106698,52.3537288,9.8561811,53.5171359,3.881497252661053E10,4.137817205930928E8
39774,58,0.034482758620689655,0.46551724137931033,0.5,0.03431372549019608,0.9310344827586207,0.9827586206896551,9,0.0028173841515006745,7.615717163636365,51.91473381818184,12.107167781818184,54.02865424545455,1.468673415986573E11,4.137817205930928E8
3131249,1,1.0,0.0,0.0,0.0,1.0,1.0,1,1.0,8.720498,53.045876,8.720498,53.045876,0.0,4.137817205930928E8
9055,2,1.0,0.0,0.0,0.0,0.5,1.0,1,0.0,8.8840674,53.0370903,9.319392,53.5153777,4.736886167598713E9,4.137817205930928E8
1567094,401,0.5860349127182045,0.3117206982543641,0.10224438902743142,0.10294117647058823,0.9875311720698254,0.9950124688279302,3,0.3871663455321678,8.75497072,53.047570500000006,8.820959779999999,53.08705972,4.8255325054968484E7,4.137817205930928E8
7009,2,1.0,0.0,0.0,0.0,0.5,1.0,1,0.0,5.90452,39.796083,18.616278,55.013119,3.6538068568715483E12,4.137817205930928E8
130915,202,0.46534653465346537,0.5247524752475248,0.009900990099009901,0.058823529411764705,0.9108910891089109,0.9801980198019802,5,1.0,8.788210247058824,53.042019917647075,8.807663911764703,53.04965223529412,2210073.7987961457,4.137817205930928E8
109925,112,0.0,1.0,0.0,0.08823529411764706,0.9017857142857143,0.9821428571428571,2,0.19613862764384515,8.5670087,52.8648909,8.8570129,53.1848015,2.1096391137417917E9,4.137817205930928E8
51045,39,0.1794871794871795,0.8205128205128205,0.0,0.0196078431372549,0.8461538461538461,1.0,9,0.6667566041469049,8.75622867142857,53.03393296428571,8.847288557142859,53.06896287142856,4.684857650787795E7,4.137817205930928E8
47978,5,0.0,1.0,0.0,0.004901960784313725,0.6,1.0,2,0.0,7.02754425,46.98161305,15.6924199,53.19953305,9.124614831103741E11,4.137817205930928E8
333167,58,0.39655172413793105,0.603448275862069,0.0,0.05392156862745098,0.9482758620689655,0.9655172413793104,2,1.0,8.7943172,53.02043355,8.8113678,53.029453350000004,2695596.511100264,4.137817205930928E8
43882,15,0.06666666666666667,0.9333333333333333,0.0,0.014705882352941176,0.8,0.9333333333333333,4,0.06641206303412124,8.63596964,53.042385659999994,8.718610299999998,53.06536082,2.1238863500669427E7,4.137817205930928E8
149865,271,0.6199261992619927,0.35793357933579334,0.02214022140221402,0.06372549019607843,0.940959409594096,0.988929889298893,9,1.0,8.725490925,53.03556002692309,8.732859515384614,53.03975064615384,560864.7022034773,4.137817205930928E8
404333,8,0.0,1.0,0.0,0.0,0.625,1.0,5,1.0,8.677525585714285,53.03651261428571,8.69481937142857,53.04605827142858,2966181.2551699285,4.137817205930928E8
188270,1,1.0,0.0,0.0,0.0,0.0,1.0,1,0.3227440638008519,8.7640341,53.0517813,8.7910764,53.0872367,2.2929986928163264E7,4.137817205930928E8
6854405,7,0.0,1.0,0.0,0.0,0.8571428571428572,1.0,1,1.0,8.7152614,53.0476921,8.7162642,53.0509549,104005.00361316597,4.137817205930928E8
46447,1,0.0,1.0,0.0,0.0,0.0,1.0,1,0.00481624973626027,8.3468304,52.1787193,8.6532974,53.1060657,8.632036557306835E9,4.137817205930928E8
67441,1,0.0,1.0,0.0,0.0,0.0,1.0,1,0.0,7.2671055,50.3235932,11.1477264,52.6144329,1.5527311272725134E11,4.137817205930928E8
1582442,52,0.5576923076923077,0.4230769230769231,0.019230769230769232,0.014705882352941176,0.9038461538461539,0.9230769230769231,5,1.0,8.773764885714286,53.05148765714286,8.776030385714288,53.05289814285714,60132.111054911074,4.137817205930928E8
88946,2,0.0,1.0,0.0,0.004901960784313725,0.5,1.0,1,6.265512376723025E-6,-76.5530609,3.3982569,8.8186389,53.0515249,5.441924595117638E13,4.137817205930928E8
5495072,1,0.0,1.0,0.0,0.0,1.0,1.0,1,1.0,8.7271454,53.0450144,8.7276957,53.0452032,1411.7863486809604,4.137817205930928E8
510836,1,0.0,1.0,0.0,0.0,0.0,1.0,1,1.0,8.7116318,53.0480437,8.7152138,53.0495059,80459.15494745996,4.137817205930928E8
66418,1,0.0,1.0,0.0,0.0,0.0,1.0,1,1.0,8.8001846,53.0503699,8.8131107,53.0587376,2064100.6993210937,4.137817205930928E8
164214,14,0.7142857142857143,0.21428571428571427,0.07142857142857142,0.0,0.7857142857142857,0.9285714285714286,4,1.0,8.688967049999999,53.02473030000001,8.7224271,53.050150474999995,1.724110770155955E7,4.137817205930928E8
49524,286,0.4370629370629371,0.44755244755244755,0.11538461538461539,0.11274509803921569,0.9265734265734266,0.9825174825174825,8,0.0,8.569603077777778,53.03441198888888,8.860494344444446,53.22788887777778,1.090615345607511E9,4.137817205930928E8
242551,19,0.9473684210526315,0.05263157894736842,0.0,0.00980392156862745,0.8947368421052632,0.9473684210526316,1,1.0,8.7424806,53.0494992,8.7472784,53.0525305,275566.2157473393,4.137817205930928E8
2048874,112,0.5089285714285714,0.08035714285714286,0.4107142857142857,0.0,0.9821428571428571,1.0,2,1.0,8.7306886,53.01036772,8.789684399999999,53.04811354000001,4.235280421893745E7,4.137817205930928E8
149876,1,0.0,0.0,1.0,0.0,1.0,1.0,1,1.0,8.802623,53.02579,8.8046511,53.0270389,47376.04355780622,4.137817205930928E8
110966,197,0.6142131979695431,0.34517766497461927,0.04060913705583756,0.14705882352941177,0.9695431472081218,0.9796954314720813,5,1.0,8.7160765,53.0382181,8.7413807125,53.057404375000004,9830679.05429314,4.137817205930928E8
118134,1,1.0,0.0,0.0,0.0,0.0,1.0,1,0.0,8.1259914,49.8441624,13.8712727,53.0463908,2.8782362292502985E11,4.137817205930928E8
4473,7305,0.8885694729637235,0.10020533880903491,0.011225188227241615,0.4852941176470588,0.9886379192334018,0.9965776865160849,60,0.0,7.446624886614173,51.90476219055118,9.042013787401572,52.312932223622056,7.074962632944409E9,4.137817205930928E8
106360,2,0.0,1.0,0.0,0.0,0.5,1.0,1,0.0,8.72015805,53.05745925,9.37711915,53.30878975,2.3715638661829457E9,4.137817205930928E8
290680,71,0.0,1.0,0.0,0.04411764705882353,0.7605633802816901,0.9436619718309859,20,0.0,-55.62878112857143,12.215628823809523,89.43361381904764,59.54836959047619,2.4783919449864194E12,4.137817205930928E8
918387,167,0.7724550898203593,0.20359281437125748,0.023952095808383235,0.05392156862745098,0.9880239520958084,0.9880239520958084,6,1.0,8.70941682,53.02262327333334,8.74666346,53.03862091333334,9423412.880830355,4.137817205930928E8
30077,20,0.0,1.0,0.0,0.0,0.8,1.0,3,8.255899223016242E-4,7.097225866666666,49.418166600000006,12.184385433333333,54.212403200000004,5.011952174022785E11,4.137817205930928E8
580469,30,0.26666666666666666,0.6666666666666666,0.06666666666666667,0.024509803921568627,0.9,0.9666666666666667,1,1.0,8.785671950000001,53.05184335,8.788609699999999,53.0549187,202244.0668356623,4.137817205930928E8
64894,1,1.0,0.0,0.0,0.0,0.0,1.0,1,0.0,8.6170239,53.044568,9.1730928,53.6808066,8.194261572030849E9,4.137817205930928E8
20862,3,0.0,1.0,0.0,0.0,1.0,1.0,1,4.0846214289402914E-4,4.3643657000000005,45.939815349999996,8.76383725,53.065515649999995,7.110646047514677E11,4.137817205930928E8
113023,1,0.0,1.0,0.0,0.0,0.0,1.0,1,4.7074754385692976E-5,3.0556129,33.8683663,15.4943625,62.2341584,8.789885916406394E12,4.137817205930928E8
45952,1,0.0,1.0,0.0,0.0,0.0,1.0,1,0.002672679391228273,8.0655611,48.4582447,9.0223388,53.1907759,1.5481906357759308E11,4.137817205930928E8
477062,57,0.2982456140350877,0.7017543859649122,0.0,0.0392156862745098,0.8070175438596492,0.9824561403508771,2,1.0,8.782834385714287,53.0330446,8.812016542857142,53.042967842857145,3880785.9286160246,4.137817205930928E8
7041,1,0.0,1.0,0.0,0.0,1.0,0.0,1,0.0,8.949463,53.0795928,10.0342359,53.5863647,8.734362143810282E9,4.137817205930928E8
372615,90,0.17777777777777778,0.8222222222222222,0.0,0.16176470588235295,0.9888888888888889,1.0,3,0.7110078739107565,8.634939519999998,53.008298460000006,8.87299884,53.056165799999995,7.10873610540296E7,4.137817205930928E8
3073452,38,0.21052631578947367,0.7894736842105263,0.0,0.0,1.0,1.0,2,1.0,8.718755866666667,53.051474199999994,8.7224853,53.05453096666667,236956.00690432845,4.137817205930928E8
207745,13,0.0,1.0,0.0,0.0,0.9230769230769231,0.8461538461538461,2,1.0,-102.45105405,-41.600098450000004,166.20881905,69.93462445,0.0,4.137817205930928E8
51075,108,0.037037037037037035,0.9629629629629629,0.0,0.03431372549019608,0.9537037037037037,0.9814814814814815,4,0.6594602820176411,8.600622959999999,52.927872820000005,8.78581542,53.045277360000014,4.126891208039888E8,4.137817205930928E8
45445,14895,0.26458543135280294,0.7275595837529373,0.00785498489425982,0.9558823529411765,0.9934206109432695,0.997583081570997,77,1.0,8.735580707692304,53.02618382026631,8.775235315828409,53.0467796994082,1.4230542743884591E7,4.137817205930928E8
1109397,9,0.0,1.0,0.0,0.0,0.6666666666666667,1.0,4,3.7543184586541457E-4,5.858343824999999,47.498613774999995,14.330399074999999,54.40357322500001,1.102148699291285E12,4.137817205930928E8
1387920,2,0.0,1.0,0.0,0.0,0.5,1.0,1,1.0,8.7880182,53.0500819,8.7894981,53.0509611,24013.068940982605,4.137817205930928E8
176004,1,0.0,1.0,0.0,0.0,0.0,1.0,1,0.8005600397986814,8.8009132,53.0514452,8.8195245,53.0684482,6795206.3040374555,4.137817205930928E8
2021785,4,0.0,1.0,0.0,0.0,0.5,1.0,1,1.0,8.814293450000001,53.0388319,8.818011049999999,53.04208835,256372.72525379763,4.137817205930928E8
36745,324,0.08641975308641975,0.8919753086419753,0.021604938271604937,0.13725490196078433,0.9506172839506173,0.9907407407407407,2,0.005645954915377257,8.159388366666667,52.138816166666665,10.705868099999998,53.717312433333326,7.32881730008367E10,4.137817205930928E8
293774,2,0.0,1.0,0.0,0.0,0.5,1.0,2,0.0012165527899921725,7.08533265,50.0024937,11.941844450000001,53.66591635,3.40126399772389E11,4.137817205930928E8
40845,9,0.6666666666666666,0.3333333333333333,0.0,0.0,0.6666666666666667,0.8888888888888888,2,1.0,8.74665085,53.03792315,8.7497706,53.039123599999996,55236.44349604806,4.137817205930928E8
2445224,1,0.0,1.0,0.0,0.0,1.0,1.0,1,0.0,8.3945374,45.3478828,12.1109801,53.2552956,7.200585266093505E11,4.137817205930928E8
63375,5,0.0,1.0,0.0,0.029411764705882353,0.4,1.0,1,7.814125591290389E-4,6.6442694,49.2555312,11.3916694,54.3947267,5.295304199542086E11,4.137817205930928E8
13712,13,0.0,0.6153846153846154,0.38461538461538464,0.014705882352941176,0.8461538461538461,1.0,5,1.0,8.77109342,53.03872742000001,8.773424780000001,53.03983574,43077.100699269664,4.137817205930928E8
13203,400,0.3775,0.61,0.0125,0.14705882352941177,0.95,0.9925,20,2.595295203147224E-5,8.273037984615385,51.388307965384605,10.82960109615384,53.29954090000002,9.432941734725716E10,4.137817205930928E8
580509,1,0.0,1.0,0.0,0.0,1.0,1.0,1,1.0,8.8113581,53.0347323,8.8113581,53.0347323,0.0,4.137817205930928E8
161685,1,0.0,1.0,0.0,0.0,0.0,1.0,1,0.8396464432581979,8.8009389,53.0527048,8.8183009,53.069823,6533562.444294132,4.137817205930928E8
323475,16,0.0,1.0,0.0,0.0,1.0,1.0,1,1.0,8.7654838,53.0512695,8.7670452,53.0525679,42286.827264927444,4.137817205930928E8
62361,143,0.5944055944055944,0.3356643356643357,0.06993006993006994,0.05392156862745098,0.993006993006993,1.0,11,1.0,8.807611773913045,53.03702149130435,8.818359408695654,53.045308656521726,1809150.7388673576,4.137817205930928E8
35225,263,0.9201520912547528,0.057034220532319393,0.022813688212927757,0.0196078431372549,0.9771863117870723,0.9923954372623575,1,1.0,8.733232600000001,53.045890125,8.739672299999999,53.05033963750001,561518.173396708,4.137817205930928E8
5210068,27,0.4074074074074074,0.25925925925925924,0.3333333333333333,0.024509803921568627,0.962962962962963,0.962962962962963,1,1.0,8.723385,53.0432094,8.7315747,53.0484628,820401.9201170113,4.137817205930928E8
147865,1,0.0,1.0,0.0,0.0,1.0,1.0,1,0.0018503711304970858,8.7133842,53.048316,9.9138334,53.5130531,7.915664376752458E9,4.137817205930928E8
29084,2,0.0,1.0,0.0,0.0,0.0,1.0,1,1.0,10.0250168,49.7904987,10.0250168,49.7904987,0.0,4.137817205930928E8
783766,2,0.0,1.0,0.0,0.0,0.0,1.0,1,0.744351437159176,8.7579735,52.9919567,8.7941316,53.0900978,1.0585826277246983E8,4.137817205930928E8
175523,49,0.2857142857142857,0.6938775510204082,0.02040816326530612,0.12745098039215685,0.8775510204081632,0.9591836734693877,6,0.47734057930260476,8.7853250125,53.01286167500001,8.8570243625,53.068530749999994,8.124522632119809E7,4.137817205930928E8
39330,1613,0.39243645381277126,0.4593924364538128,0.148171109733416,0.35784313725490197,0.9696218226906386,0.9931804091754495,41,0.0,5.149803853571428,50.85850331190475,10.59646043452381,52.560828082142855,1.2534838411769788E11,4.137817205930928E8
697257,3,0.0,1.0,0.0,0.0,0.33333333333333337,1.0,1,0.0,8.4636698,53.0210217,8.9846413,53.2011674,1.2841691548831778E9,4.137817205930928E8
179105,2,0.0,1.0,0.0,0.0,1.0,1.0,2,1.0,8.81483605,53.03805975,8.815690400000001,53.038728899999995,11672.163936988158,4.137817205930928E8
41894,108,0.35185185185185186,0.5925925925925926,0.05555555555555555,0.08823529411764706,0.8333333333333334,0.9537037037037037,5,0.2424571268434509,8.735548092857144,52.98211357857143,9.033837857142858,53.11728577142856,6.509640646913043E8,4.137817205930928E8
458656,3,0.3333333333333333,0.6666666666666666,0.0,0.0,0.33333333333333337,1.0,1,1.0,8.7839721,53.0421605,8.7932229,53.0507412,1712699.2049695412,4.137817205930928E8
263596,31,0.0,1.0,0.0,0.0,0.967741935483871,1.0,1,0.6218855526756248,8.6717988,53.0352987,8.7854393,53.073071,5.683550905275716E7,4.137817205930928E8
130472,1,0.0,1.0,0.0,0.0,1.0,0.0,1,2.08082197095213E-4,8.8168991,53.0356324,8.8448293,54.7939543,1.1942783096071726E10,4.137817205930928E8
2505612,54,0.5555555555555556,0.2777777777777778,0.16666666666666666,0.014705882352941176,0.962962962962963,0.9814814814814815,1,1.0,8.797172166666668,53.05057753333333,8.801842866666666,53.053965466666675,314916.9176628218,4.137817205930928E8
35243,3,0.0,0.3333333333333333,0.6666666666666666,0.0,0.6666666666666667,1.0,1,0.0,6.9926625,47.3245524,14.3804074,53.4048261,8.266571602703175E11,4.137817205930928E8
2149259,12,0.0,0.5,0.5,0.004901960784313725,0.9166666666666666,1.0,1,2.5822857541611644E-4,5.7925044,47.0072866,15.5446292,55.5741698,1.6023854831957068E12,4.137817205930928E8
2226583,1,0.0,1.0,0.0,0.0,0.0,1.0,1,1.0,8.7858734,53.0516537,8.7866215,53.052117,6505.65598493591,4.137817205930928E8
53175,26,0.34615384615384615,0.6538461538461539,0.0,0.004901960784313725,0.6538461538461539,1.0,5,0.8716633401184937,8.65674658,53.036611549999996,8.68249951,53.05138445,6954222.264092715,4.137817205930928E8
42938,2,0.0,1.0,0.0,0.004901960784313725,0.5,1.0,1,1.0,8.7406181,52.9991183,8.7797435,53.013087,7633346.14622514,4.137817205930928E8
525234,2,0.0,1.0,0.0,0.0,0.5,0.5,1,2.6997051018850485E-4,5.2402187,46.854566,15.3736237,55.0023447,1.5326922940737966E12,4.137817205930928E8
191928,5,0.0,1.0,0.0,0.029411764705882353,0.8,1.0,1,1.0,8.7835893,53.0498117,8.7910232,53.0567307,1111199.015972992,4.137817205930928E8
42429,1285,0.48171206225680935,0.49571984435797667,0.022568093385214007,0.20098039215686275,0.9673151750972763,0.9906614785992218,27,0.06679643522220854,8.4861615640625,52.71079267812498,9.181157804687503,53.17431546093753,6.194667712679348E9,4.137817205930928E8
2371993,50,0.54,0.28,0.18,0.00980392156862745,0.94,1.0,2,0.6886502518789418,8.792932,53.03723225,8.8294914,53.0548602,1.0799853978911672E7,4.137817205930928E8
72127,2,0.5,0.5,0.0,0.0,0.5,1.0,1,0.14667192031950288,8.7713356,53.0010463,9.1357269,53.0209407,2.89233534445996E8,4.137817205930928E8
1624486,2,0.0,1.0,0.0,0.0,1.0,1.0,1,0.011074901714014217,7.851536,52.727822399999994,11.7366757,53.7847941,3.736211221355509E10,4.137817205930928E8
68030,148,0.6013513513513513,0.39864864864864863,0.0,0.049019607843137254,0.8986486486486487,0.972972972972973,4,0.7973388602606983,8.801708478571427,53.048998564285704,8.82107385714286,53.05769601428572,2718290.9192310567,4.137817205930928E8
1787357,7433,0.4971074936095789,0.45876496703888064,0.04412753935154043,0.39215686274509803,0.995560339028656,0.9994618592762007,71,0.5330789701834174,8.755518608579884,53.02315779437869,8.873033087869825,53.071454627810645,8.692759384867291E7,4.137817205930928E8
15302,7,0.0,1.0,0.0,0.0,0.8571428571428572,1.0,1,0.5895501800587175,8.814643166666668,53.05036656666667,8.819718866666667,53.0541786,389553.85849264753,4.137817205930928E8
548288,2,0.0,1.0,0.0,0.0,1.0,1.0,1,0.08001473811820518,8.5334013,52.9732844,9.1635276,53.2462662,2.715468261234272E9,4.137817205930928E8
1959895,16,0.375,0.5,0.125,0.049019607843137254,1.0,1.0,1,1.0,8.7152722,53.0388061,8.7434941,53.0584132,1.086800351255165E7,4.137817205930928E8
45515,2,0.0,1.0,0.0,0.0196078431372549,0.0,1.0,1,1.0,8.7503596,53.027461,8.7542762,53.028664,57968.85539428591,4.137817205930928E8
460235,62,0.6935483870967742,0.2903225806451613,0.016129032258064516,0.029411764705882353,0.9032258064516129,0.967741935483871,3,1.0,8.7332593,53.04177630833333,8.739165349999999,53.046340883333336,549242.9716302872,4.137817205930928E8
103885,19,0.0,1.0,0.0,0.0,0.631578947368421,0.8947368421052632,1,3.4285515363236777E-4,6.0632089,47.5698259,14.98476,54.8123245,1.2068703538777114E12,4.137817205930928E8
4446609,79,0.5443037974683544,0.10126582278481013,0.35443037974683544,0.014705882352941176,0.9620253164556962,1.0,3,0.4160210175389202,8.734133425,52.825712700000004,8.796114525,53.08768665000001,5.702269721434399E8,4.137817205930928E8
671198,5,0.0,1.0,0.0,0.0,1.0,1.0,3,1.0,8.787731266666666,53.043842500000004,8.788904266666668,53.0447623,22056.83011533973,4.137817205930928E8
39381,33,0.8787878787878788,0.12121212121212122,0.0,0.0196078431372549,0.8787878787878788,0.9696969696969697,3,0.23623437112394127,8.667306633333334,53.026144433333336,8.945599233333333,53.11581090000001,3.1908491380894405E8,4.137817205930928E8
77780,1,0.0,1.0,0.0,0.0,0.0,1.0,1,1.0,8.8160504,53.042769,8.8179431,53.0432,6643.591583748838,4.137817205930928E8
72151,10,0.4,0.6,0.0,0.0196078431372549,0.5,1.0,2,1.0,8.705819550000001,53.0259678,8.7661428,53.04321195,1.191171227478654E7,4.137817205930928E8
9176,7,0.0,1.0,0.0,0.0,0.4285714285714286,0.8571428571428572,4,0.002075446344889531,6.735998875,51.12085222499999,11.608847899999999,53.58820952500001,1.9936999171863297E11,4.137817205930928E8
175579,62,0.9354838709677419,0.06451612903225806,0.0,0.004901960784313725,0.9838709677419355,1.0,1,1.0,8.7310538,53.025397,8.756245700000001,53.04671265,1.1264782469060048E7,4.137817205930928E8
25049,2,0.0,1.0,0.0,0.0,1.0,1.0,1,3.893871823187865E-4,6.1463074,47.6402159,14.6680576,54.3817245,1.0626485395051725E12,4.137817205930928E8
2449916,3,0.0,1.0,0.0,0.0,0.6666666666666667,1.0,2,1.0,8.743875266666668,53.05152553333334,8.744578966666666,53.05191306666666,4883.183108885523,4.137817205930928E8
2108413,1,1.0,0.0,0.0,0.0,0.0,1.0,1,1.0,8.7432329,53.0477329,8.7432329,53.0477329,0.0,4.137817205930928E8
41440,80,0.1875,0.725,0.0875,0.029411764705882353,0.9,1.0,4,0.0,7.755519244444445,47.131833644444434,7.7767413222222235,47.1408658888889,2904816.913665153,4.137817205930928E8
249315,2,0.0,1.0,0.0,0.0,0.0,1.0,1,0.029518243721054695,8.0160031,52.3506972,8.7905719,53.0740589,1.2092012414602757E10,4.137817205930928E8
3461073,441,0.011337868480725623,0.963718820861678,0.024943310657596373,0.004901960784313725,0.9931972789115646,0.9954648526077098,10,1.0,8.71278014736842,53.04860173157895,8.715017357894741,53.05025405789475,74218.58099599635,4.137817205930928E8
282092,52,0.7692307692307693,0.17307692307692307,0.057692307692307696,0.024509803921568627,0.9038461538461539,0.9615384615384616,3,1.0,8.720108,53.04747903333333,8.725035016666668,53.05158456666667,422636.7303033135,4.137817205930928E8
86504,1,0.0,1.0,0.0,0.0,1.0,1.0,1,1.0,8.8148048,53.0330419,8.8161953,53.0337439,16727.914949660193,4.137817205930928E8
109035,5,0.4,0.6,0.0,0.0,0.8,1.0,3,1.0,8.7291647,53.04562733333333,8.729576133333332,53.046204366666664,5786.284348955029,4.137817205930928E8
3755477,4,0.0,1.0,0.0,0.0,1.0,1.0,2,1.0,8.7577634,53.04446552499999,8.75820195,53.044893125,4110.5080384576,4.137817205930928E8
137197,3,1.0,0.0,0.0,0.0196078431372549,0.6666666666666667,1.0,2,1.0,8.76397515,52.9723128,8.8201207,53.02633925000001,6.609654521112133E7,4.137817205930928E8
129518,8,0.0,1.0,0.0,0.0,0.875,1.0,2,1.0,8.7350806,53.048090849999994,8.735080749999998,53.04809148749999,0.0033760425244137625,4.137817205930928E8
238579,1,0.0,1.0,0.0,0.0,0.0,1.0,1,5.233399896693963E-5,2.0676741,33.859397,15.3466546,60.0152294,7.906556517006975E12,4.137817205930928E8
3986893,1,1.0,0.0,0.0,0.0,1.0,1.0,1,1.0,8.7147582,53.0514571,8.7147582,53.0514571,0.0,4.137817205930928E8
1783785,1,0.0,1.0,0.0,0.0,1.0,1.0,1,1.0,8.8150433,53.0469738,8.8170603,53.0480665,39043.731357888704,4.137817205930928E8
45044,2,0.0,1.0,0.0,0.0,0.5,1.0,1,0.7026508126278211,8.7055127,53.0466072,8.7222277,53.0586331,3999631.162749929,4.137817205930928E8
378355,11,0.18181818181818182,0.8181818181818182,0.0,0.0,0.5454545454545454,0.9090909090909091,1,1.0,8.8138072,53.04967692499999,8.817564775,53.05146932500001,112224.07550985507,4.137817205930928E8
656883,32,0.6875,0.28125,0.03125,0.024509803921568627,1.0,1.0,1,1.0,8.717094600000001,53.04819436666667,8.720626433333335,53.05159893333334,262899.9751785288,4.137817205930928E8
16379,4,0.0,1.0,0.0,0.0,0.0,1.0,2,0.008768159530066209,7.5183848,52.14691085,9.4420008,53.417146149999994,4.719139965168589E10,4.137817205930928E8
69628,3,0.0,1.0,0.0,0.0,0.0,1.0,1,6.872605354443833E-6,-78.9366408,36.0304621,15.0379635,57.6595421,6.020740305211053E13,4.137817205930928E8
31231,126,0.1746031746031746,0.6825396825396826,0.14285714285714285,0.09803921568627451,0.8571428571428572,1.0,12,0.028696085329632935,8.277975173333335,52.60211164666667,9.648994839999999,53.24568033333333,1.4419448361683056E10,4.137817205930928E8
76798,2,0.0,1.0,0.0,0.0,0.0,1.0,1,3.3845885780520955E-4,5.9663895,47.4343764,14.9434633,54.7280782,1.2225465844691624E12,4.137817205930928E8
