uid,total_contributions,p_creation,p_modification,p_delete,p_is_used,p_is_edited,p_is_deleted,nbWeeks,focalisation,lonMin,latMin,lonMax,latMax,area_mean_chgst,area_aubervilliers_bbox
50179,25,0.04,0.52,0.44,0.09345794392523364,0.8,1.0,6,0.0,2.300781516666667,48.91868341666666,2.3737299166666674,48.963294383333334,4590722.299695461,6313096.677565664
4765772,1,0.0,1.0,0.0,0.0,0.0,1.0,1,1.0,2.3885365,48.9129464,2.3885365,48.9129464,0.0,6313096.677565664
12295,2,0.0,1.0,0.0,0.0,0.5,1.0,1,0.0,2.3332663,39.4424542,22.117082,49.7862801,4.3052099588544446E11,6313096.677565664
2378798,6,0.0,1.0,0.0,0.0,0.5,1.0,6,0.0,2.2115120166666666,48.95015725,2.3653910833333334,49.04381853333333,2.227467790908477E7,6313096.677565664
306191,1,0.0,0.0,1.0,0.037383177570093455,1.0,1.0,1,0.0,-6.0231488,42.2213689,10.3544011,51.0417258,4.018096473512832E11,6313096.677565664
98316,17,0.17647058823529413,0.5294117647058824,0.29411764705882354,0.014018691588785047,0.9411764705882353,1.0,2,0.0,2.3981966,48.9008676,2.5070302,48.941570049999996,5.9742864247160956E7,6313096.677565664
3085,63,0.2222222222222222,0.4444444444444444,0.3333333333333333,0.0,0.8095238095238095,0.9841269841269842,5,0.18490857650323178,2.316620266666667,48.865442744444444,2.5483192333333338,49.02013987777778,1.5317857795157706E7,6313096.677565664
4714580,1,1.0,0.0,0.0,0.0,1.0,1.0,1,1.0,2.38256,48.9136616,2.38256,48.9136616,0.0,6313096.677565664
420883,29,0.1724137931034483,0.7931034482758621,0.034482758620689655,0.06074766355140187,0.6206896551724138,1.0,8,0.0,-1.8947391875000001,44.6195291625,5.9896736625,50.230456537500004,1.1518070793629204E11,6313096.677565664
449555,6,0.0,1.0,0.0,0.0,0.33333333333333337,1.0,3,0.0,2.0852574666666666,48.783704666666665,2.441655066666667,49.089258699999995,5.885803505492883E8,6313096.677565664
105497,2,0.0,1.0,0.0,0.0,0.5,1.0,1,0.0,2.3837708,48.922986,2.3896079,48.9241224,255652.1686249536,6313096.677565664
1198089,158,0.05063291139240506,0.5949367088607594,0.35443037974683544,0.07476635514018691,0.8670886075949367,0.9873417721518988,24,0.0,-3.092510142424244,43.38538645151515,7.320868093939397,49.58591973333332,3.2998832498661552E10,6313096.677565664
2309182,1,0.0,1.0,0.0,0.0,1.0,1.0,1,0.0,2.364569,48.9075478,2.3658851,48.9076612,15051.946205785569,6313096.677565664
86051,57,0.0,1.0,0.0,0.037383177570093455,0.9649122807017544,0.9824561403508771,1,0.0,2.3702679,48.8783755,2.4705341,48.9053743,6.5810831240033805E7,6313096.677565664
1870904,2,0.0,1.0,0.0,0.0,1.0,1.0,1,1.0,2.3700979,48.9003702,2.3716041,48.9025084,48849.51522500328,6313096.677565664
2081851,3,0.0,1.0,0.0,0.0,0.6666666666666667,1.0,1,0.8053863745315714,2.3986649000000004,48.9181825,2.403485566666667,48.918321600000006,214226.8562981755,6313096.677565664
5509234,1,0.0,1.0,0.0,0.0,1.0,1.0,1,0.0,-5.2904454,42.2564967,8.9716704,51.6578072,1.8157192846855975E11,6313096.677565664
2874370,8,0.0,1.0,0.0,0.018691588785046728,0.875,0.875,1,0.0,2.3669402,48.9058509,2.368123,48.9067323,2781.371084836999,6313096.677565664
70696,1,0.0,1.0,0.0,0.0,0.0,1.0,1,0.0,-122.9801746,-37.8824109,153.1176482,70.089821,0.0,6313096.677565664
58410,1,0.0,1.0,0.0,0.0,0.0,1.0,1,0.1825155782628611,2.3507362,48.894864,2.3839592,48.8985697,9305533.376854783,6313096.677565664
147510,1,0.0,1.0,0.0,0.0,0.0,1.0,1,0.0,-64.0569998,-25.8340459,63.3853614,59.3969892,4.2432320924762825E14,6313096.677565664
842807,21,0.7142857142857143,0.047619047619047616,0.23809523809523808,0.0,0.7619047619047619,1.0,1,0.0,2.3995602999999996,48.915015833333335,2.4016452333333334,48.9155632,28882.004279286168,6313096.677565664
3942402,1,0.0,1.0,0.0,0.0,1.0,1.0,1,0.0,2.371907,48.9151362,2.3721079,48.9157578,4347.796609378651,6313096.677565664
26687,8,0.0,1.0,0.0,0.0,0.25,1.0,3,0.0,2.2715812,48.70046163333333,3.0357972666666666,49.3290973,2.1681291243879576E9,6313096.677565664
474183,2,0.0,0.5,0.5,0.0,1.0,1.0,1,1.0,2.3720566,48.9015233,2.3721685,48.9024003,8058.0678436990365,6313096.677565664
806988,5,0.0,1.0,0.0,0.014018691588785047,1.0,1.0,1,0.0,2.3412074,48.9006932,2.4003737,48.9480138,1.1336250268861014E7,6313096.677565664
56389,1,0.0,1.0,0.0,0.0,0.0,1.0,1,0.0,2.3478907,48.8487646,2.5754607,48.92265,2.987277577998218E8,6313096.677565664
54342,3,0.0,1.0,0.0,0.0,0.6666666666666667,1.0,1,0.0,2.3906474,48.9766899,2.4155152,48.9957118,1484754.7742777744,6313096.677565664
98374,4,0.25,0.75,0.0,0.0,0.5,1.0,2,1.0,2.3714468,48.9014212,2.3714468,48.9014212,0.0,6313096.677565664
52296,2,0.0,1.0,0.0,0.0,0.5,1.0,2,0.0,2.34433615,48.8918924,2.38738845,48.9413578,2.3422761238678183E7,6313096.677565664
6217,2,1.0,0.0,0.0,0.0,0.0,1.0,2,0.0,0.63463175,48.7051932,2.57610665,49.36230594999999,2.1556758781487915E10,6313096.677565664
3709044,2,0.0,1.0,0.0,0.0,1.0,1.0,1,0.07909673166429572,2.4092672,48.9194858,2.4396303,48.94993,7739396.387527462,6313096.677565664
24657,191,1.0,0.0,0.0,0.02336448598130841,0.9738219895287958,0.9842931937172775,1,0.0,2.3617511,48.8840761,2.3977604,48.9030848,3173493.6995074805,6313096.677565664
62548,1,0.0,1.0,0.0,0.0,0.0,1.0,1,0.04660935385663922,2.3225396,48.8653791,2.3674038,48.9093493,1.5738605806981925E7,6313096.677565664
1424448,32,0.0,1.0,0.0,0.0,0.9375,1.0,5,0.04302518406876093,2.3627412727272734,48.859830490909076,2.4476946636363635,48.95148228181818,7.619646839165373E7,6313096.677565664
1429581,26,0.0,1.0,0.0,0.0,0.6923076923076923,0.9230769230769231,10,0.0,0.9103440363636363,48.157229972727265,3.3922483363636364,49.8567008909091,3.878429958762688E9,6313096.677565664
2514042,3,0.0,1.0,0.0,0.0,0.6666666666666667,1.0,1,0.0,1.1062592,48.5345548,2.6660683,49.7944163,8.195596453019401E9,6313096.677565664
3500139,89,0.2696629213483146,0.6966292134831461,0.033707865168539325,0.004672897196261682,0.898876404494382,0.9775280898876404,1,1.0,2.3693478999999997,48.90145725,2.3774534166666665,48.90569095,167714.8646721031,6313096.677565664
1072240,1,0.0,1.0,0.0,0.0,1.0,0.0,1,1.0,2.4088281,48.9024494,2.4088281,48.9024494,0.0,6313096.677565664
810093,1099,0.36578707916287534,0.4858962693357598,0.1483166515013649,0.3037383177570093,0.9727024567788899,0.9909008189262967,17,0.0,2.3903286142857136,48.89848099285714,2.406437253571429,48.90827010357141,240041.26992971188,6313096.677565664
20578,63,1.0,0.0,0.0,0.09813084112149532,0.9365079365079365,0.9365079365079365,1,0.0,2.1088368,48.6400602,2.7071128,49.0703837,5.117080627837536E8,6313096.677565664
481380,6,0.0,1.0,0.0,0.0,0.8333333333333334,1.0,1,0.0,-2.4027785,42.7919244,8.1011523,49.3610888,5.066299795203641E10,6313096.677565664
392288,4,0.0,0.0,1.0,0.0,1.0,1.0,1,0.0,2.3798425,48.9133019,2.3799606,48.9134346,165.61480985223542,6313096.677565664
88164,1,0.0,1.0,0.0,0.0,1.0,0.0,1,0.001587452321807383,2.0766691,48.7904372,2.8221399,48.9554993,3.9768732520910807E9,6313096.677565664
713836,7,0.7142857142857143,0.2857142857142857,0.0,0.004672897196261682,1.0,1.0,1,1.0,2.3802026,48.910599,2.382001,48.9111789,18814.481891567928,6313096.677565664
158826,2740,0.2908759124087591,0.24379562043795622,0.4653284671532847,0.5327102803738317,0.9737226277372263,0.9934306569343065,33,5.412747078312311E-5,-0.04100426349206393,48.10919786031745,4.060175533333334,49.09473978888888,1.166338752989375E11,6313096.677565664
1069176,4,0.0,0.5,0.5,0.004672897196261682,1.0,1.0,1,0.0,2.3987986,48.9071309,2.3997997,48.907769,328.6590719382789,6313096.677565664
463983,1,0.0,1.0,0.0,0.0,1.0,0.0,1,0.030000680415284954,2.2100529,48.8152779,2.4299772,48.9071265,2.104317832187974E8,6313096.677565664
1443965,4,1.0,0.0,0.0,0.0,1.0,1.0,1,1.0,2.3823291,48.9099335,2.3836581,48.9107638,1034.8322204025267,6313096.677565664
1982576,2,0.0,1.0,0.0,0.0,1.0,1.0,1,0.20040200652232582,2.3527597,48.895769,2.3809212,48.8983451,6848340.247927983,6313096.677565664
10352,6,0.8333333333333334,0.16666666666666666,0.0,0.0,1.0,0.8333333333333334,1,0.023005418087072876,2.3511316,48.8969227,2.5841265,48.9839429,2.744178199096976E8,6313096.677565664
231539,15,0.6666666666666666,0.3333333333333333,0.0,0.0,0.7333333333333334,0.8666666666666667,1,0.0,2.4090543,48.9191945,2.4108523,48.9211558,35225.890848741445,6313096.677565664
96371,37,0.0,1.0,0.0,0.009345794392523364,0.9459459459459459,1.0,5,0.22376562940217073,2.3492609,48.8957078,2.4254785,48.9251545,2.821298648247371E7,6313096.677565664
323702,34,0.5882352941176471,0.4117647058823529,0.0,0.009345794392523364,0.9117647058823529,0.9705882352941176,1,0.0,2.3417932,48.9018045,2.3817998,48.9401917,1.1601624526527394E7,6313096.677565664
211063,31,0.22580645161290322,0.7741935483870968,0.0,0.028037383177570093,0.7741935483870968,0.935483870967742,2,0.0,2.3940157,48.9054823,2.40246095,48.9132051,432762.8122620481,6313096.677565664
5497895,6,0.8333333333333334,0.16666666666666666,0.0,0.0,1.0,1.0,1,0.0,2.3911451,48.9090786,2.3916182,48.9095208,1475.800575985305,6313096.677565664
170106,2,0.0,1.0,0.0,0.0,0.5,1.0,1,0.0,-123.1920712,-38.1794239,146.8315693,68.9368826,0.0,6313096.677565664
4994101,14,0.35714285714285715,0.35714285714285715,0.2857142857142857,0.009345794392523364,1.0,1.0,1,0.0,2.3924921,48.8992789,2.3970166,48.9033451,116048.70874113392,6313096.677565664
13436,2,0.0,0.0,1.0,0.004672897196261682,1.0,1.0,1,1.0,2.4084698,48.9228705,2.4085432,48.922913,8.045642332475275,6313096.677565664
270456,22,0.18181818181818182,0.8181818181818182,0.0,0.014018691588785047,0.8636363636363636,1.0,1,0.0,2.33702115,48.859931849999995,2.7111763,48.9828101,8.000305085780672E8,6313096.677565664
1712229,59,0.01694915254237288,0.9661016949152542,0.01694915254237288,0.0,0.9491525423728814,0.9830508474576272,2,0.0,2.4061310000000007,48.917629271428574,2.4354486714285715,48.9338612,1699590.353019037,6313096.677565664
3043409,12,0.5833333333333334,0.4166666666666667,0.0,0.009345794392523364,1.0,1.0,1,0.0,2.3868245,48.9201346,2.3871593,48.9203459,51.618251811638785,6313096.677565664
13442,38,0.21052631578947367,0.6578947368421053,0.13157894736842105,0.08878504672897196,0.8157894736842105,1.0,5,0.0,2.376177466666667,48.89471889166666,2.453189875,48.93608704166667,1.3533953692308536E7,6313096.677565664
2479270,1,0.0,1.0,0.0,0.0,0.0,1.0,1,0.33133848683450634,2.3919932,48.9120611,2.398221,48.9141285,220228.11882653047,6313096.677565664
163973,17,0.0,1.0,0.0,0.0,0.9411764705882353,1.0,2,0.0,2.0793209,48.8025883,2.4840397999999997,49.038678250000004,2.313030304642033E8,6313096.677565664
8328,1,0.0,0.0,1.0,0.0,1.0,1.0,1,0.0,2.3853197,48.5632885,9.168578,49.0180712,3.779630509450034E11,6313096.677565664
98443,219,0.7534246575342466,0.1004566210045662,0.1461187214611872,0.009345794392523364,0.9726027397260274,0.995433789954338,7,0.0,2.3948694478260864,48.90633751304348,2.3983786565217384,48.90903329565217,30895.280393411842,6313096.677565664
42123,14,0.0,1.0,0.0,0.03271028037383177,0.5714285714285714,1.0,1,0.027178638216927578,2.25947925,48.852782899999994,2.48544415,48.9444522,2.3228156713288525E8,6313096.677565664
2820261,13,0.15384615384615385,0.5384615384615384,0.3076923076923077,0.018691588785046728,0.8461538461538461,1.0,1,0.0,2.3951717,48.903712350000006,2.3974634999999997,48.90494555,11880.171693820823,6313096.677565664
1544322,11,0.0,1.0,0.0,0.0,0.6363636363636364,0.9090909090909091,1,0.0,2.4057116,48.916321,2.4682141,48.9507232,7970356.242019555,6313096.677565664
183450,1,0.0,1.0,0.0,0.0,0.0,1.0,1,0.0,1.0690184,48.8024394,2.4971445,49.9509057,6.530813794369242E9,6313096.677565664
5462216,1,0.0,1.0,0.0,0.0,0.0,1.0,1,0.0,2.2128559,48.9500755,2.367446,49.0413526,3.1062181271537755E7,6313096.677565664
9375,41,0.7317073170731707,0.24390243902439024,0.024390243902439025,0.004672897196261682,0.9024390243902439,0.926829268292683,1,0.1792738055952556,2.3628209499999997,48.90216885,2.3734121999999997,48.905556499999996,656747.4605583877,6313096.677565664
46239,10,0.0,1.0,0.0,0.0,0.7,0.9,2,0.0,-2.9477295,44.66971335,6.9632095,49.92965255,1.848589689274907E11,6313096.677565664
4435171,4,0.0,0.75,0.25,0.0,0.75,1.0,1,0.2771790059134126,2.3768855,48.8953588,2.3844569,48.90884,2038663.3864584644,6313096.677565664
361644,8,0.125,0.875,0.0,0.014018691588785047,0.875,0.875,1,0.0,2.39352345,48.90319705,2.39372125,48.903358,139.85524467953735,6313096.677565664
3689622,88,0.8636363636363636,0.011363636363636364,0.125,0.014018691588785047,1.0,1.0,3,1.0,2.394978733333333,48.915376133333325,2.3965686,48.91586946666666,15141.060312317211,6313096.677565664
2244762,1,1.0,0.0,0.0,0.0,0.0,1.0,1,1.0,2.3875139,48.9082907,2.3875139,48.9082907,0.0,6313096.677565664
35001,1,0.0,1.0,0.0,0.0,0.0,1.0,1,1.0,0.0,0.0,0.0,0.0,0.0,6313096.677565664
224440,7,0.0,0.14285714285714285,0.8571428571428571,0.0,1.0,1.0,4,0.0,1.24324865,47.2528383,3.9231353749999993,49.19054104999999,1.2611424037327509E10,6313096.677565664
2721941,1,0.0,1.0,0.0,0.0,1.0,1.0,1,0.0,2.3333051,48.8459485,2.3635576,48.8682601,1681111.7034602473,6313096.677565664
229574,376,0.26063829787234044,0.7154255319148937,0.023936170212765957,0.2757009345794392,0.9042553191489362,0.9813829787234043,10,1.0,2.3687929,48.89995787058823,2.3931691764705882,48.91506143529411,409253.58207334386,6313096.677565664
165061,2,0.0,1.0,0.0,0.0,1.0,1.0,2,0.0,2.3376218499999997,48.87365685,2.4233757000000002,48.9221752,1.2792150105278177E7,6313096.677565664
1918167,46,0.021739130434782608,0.08695652173913043,0.8913043478260869,0.02336448598130841,0.9347826086956522,0.9782608695652174,1,0.0,2.3955419,48.8994061,2.4259654,48.9115509,4304475.182175083,6313096.677565664
641218,1,0.0,1.0,0.0,0.0,0.0,1.0,1,0.0,2.3796185,48.9106132,2.379982,48.910822,208.59473344878958,6313096.677565664
211154,1,0.0,1.0,0.0,0.0,0.0,1.0,1,0.0,2.1883149,48.9536771,2.4777895,49.0596614,4.358168027781967E8,6313096.677565664
722137,19,0.0,0.9473684210526315,0.05263157894736842,0.09813084112149532,0.6842105263157895,0.8947368421052632,1,0.032861466545218154,2.3258798499999997,48.8652722,2.42125295,48.99960355,1.921124447954474E8,6313096.677565664
562395,1,0.0,1.0,0.0,0.0,1.0,1.0,1,1.0,2.394421,48.9017922,2.394421,48.9017922,0.0,6313096.677565664
102612,16,1.0,0.0,0.0,0.0,1.0,0.9375,1,0.0,2.2168533,48.7950776,2.4963289,48.920784,2.9784830020833826E8,6313096.677565664
705744,1,0.0,1.0,0.0,0.0,0.0,1.0,1,0.0,2.2565591,48.8127935,2.4823842,48.9212947,1.677056185593117E8,6313096.677565664
1256648,6,0.16666666666666666,0.8333333333333334,0.0,0.0,0.33333333333333337,1.0,6,0.0,2.3809363250000004,48.8804783,2.419762225,48.91350185,6734084.8559846,6313096.677565664
1786055,132,0.03787878787878788,0.9318181818181818,0.030303030303030304,0.102803738317757,0.8939393939393939,0.9848484848484849,5,0.0,2.3942929799999995,48.911421340000004,2.41646315,48.92400191,842303.3018876503,6313096.677565664
524500,2,0.0,1.0,0.0,0.0,0.5,1.0,1,0.0,2.3665292,48.8865563,2.3883914,48.9027517,905077.1972419043,6313096.677565664
445671,21,0.0,1.0,0.0,0.0,0.8571428571428572,1.0,1,0.0,2.0623652,48.8362695,2.7252079,49.2884221,2.399994914973881E8,6313096.677565664
130277,628,0.6799363057324841,0.2070063694267516,0.11305732484076433,0.17757009345794392,0.9681528662420382,0.9968152866242038,12,0.0,2.390484188888889,48.88797768333333,2.449760544444445,48.916689411111115,1.1341123286602756E7,6313096.677565664
45284,2,1.0,0.0,0.0,0.0,0.5,1.0,1,0.0,-70.0447187,-26.2898576,63.2765904,51.16038,6.083843256095122E14,6313096.677565664
445666,3,0.0,0.6666666666666666,0.3333333333333333,0.004672897196261682,1.0,1.0,1,0.0,2.4017769,48.9031284,2.4025093,48.9042137,12742.505366519656,6313096.677565664
322785,8,0.25,0.5,0.25,0.028037383177570093,0.625,1.0,3,0.0,2.27643125,48.73959095,2.4202954500000002,48.92531695,3.5559228739937854E8,6313096.677565664
327907,29,0.5862068965517241,0.41379310344827586,0.0,0.06074766355140187,0.8620689655172413,1.0,1,0.013097094287790777,2.3532652,48.8928495,2.3858724,48.9303956,1.3518218687939713E7,6313096.677565664
88302,365,0.08493150684931507,0.9013698630136986,0.0136986301369863,0.20093457943925233,0.9397260273972603,0.9917808219178083,6,0.00837829078502347,2.378213207142857,48.86917101428571,2.5971186142857143,49.143010385714284,7.535065133870237E8,6313096.677565664
806140,10,0.7,0.1,0.2,0.0,0.9,1.0,1,0.0,2.3945695,48.9023401,2.3953837,48.9029163,767.4933150010521,6313096.677565664
12531,2,0.0,1.0,0.0,0.0,0.5,1.0,1,0.0,2.275182,48.7386505,2.7500281,48.9147981,1.1404959704597952E9,6313096.677565664
5743779,1,0.0,1.0,0.0,0.0,1.0,1.0,1,0.0,2.4133225,48.9225448,2.4333436,48.9430299,3592372.432369033,6313096.677565664
492784,1,0.0,1.0,0.0,0.0,0.0,1.0,1,0.29826538015865134,2.3700947,48.8986791,2.3815829,48.9008625,997212.8955507716,6313096.677565664
1521902,4,0.0,1.0,0.0,0.0,0.25,1.0,1,0.0,2.4005794,48.89718715,2.4155100000000003,48.904017249999995,823064.2019533018,6313096.677565664
80120,309,0.5080906148867314,0.41423948220064727,0.07766990291262135,0.27102803738317754,0.9449838187702265,0.9838187702265372,2,0.0,2.2658707000000002,48.874047983333334,2.37711935,48.970313633333326,5.978258693089968E7,6313096.677565664
210173,11708,0.4942774171506662,0.4677997950119576,0.037922787837376154,0.04205607476635514,0.9987188247352238,1.0,14,0.0,1.7082823533333336,48.30000112,2.9705650533333334,49.13576326666667,4.067767908237541E8,6313096.677565664
118014,1,0.0,1.0,0.0,0.0,0.0,1.0,1,0.0,2.8553634,49.2148238,2.9867169,49.2384888,1.3174338445321625E8,6313096.677565664
157949,1,0.0,1.0,0.0,0.0,0.0,1.0,1,0.0,-2.2180155,42.8494154,4.1440681,49.4252818,4.459435107645675E11,6313096.677565664
464135,257,0.622568093385214,0.3035019455252918,0.07392996108949416,0.19626168224299065,0.9727626459143969,0.9844357976653697,3,0.06629025016708441,2.313566742857143,48.87248137142857,2.5260229142857145,48.98862632857142,9.5234165833641E7,6313096.677565664
118021,1,0.0,0.0,1.0,0.0,1.0,1.0,1,0.011070787262688743,1.7656648,48.4956997,2.8837777,49.2497514,5.702482152143183E8,6313096.677565664
183561,114,0.0,1.0,0.0,0.04205607476635514,0.9385964912280702,1.0,2,0.0,-3.53391216,42.618325119999994,9.03322486,50.7093805,1.0118670096152542E11,6313096.677565664
4363,7,0.0,0.5714285714285714,0.42857142857142855,0.004672897196261682,0.5714285714285714,1.0,3,0.0,2.439316233333334,48.921473866666666,2.7637236,49.092893033333326,2.5930107614079446E8,6313096.677565664
4023601,9,0.0,1.0,0.0,0.0,1.0,1.0,2,0.0,-1.04186295,45.6897768,5.6946644,50.1029305,1.9113229504035194E10,6313096.677565664
81170,29,0.034482758620689655,0.9655172413793104,0.0,0.02336448598130841,0.7931034482758621,0.9655172413793104,2,0.0024806276431856866,1.9334234000000001,48.80161894999999,2.6516908999999997,49.07646235,2.544959415778428E9,6313096.677565664
1795336,22,0.9545454545454546,0.045454545454545456,0.0,0.0,1.0,1.0,2,1.0,2.38180395,48.909454100000005,2.3830355,48.90982315000001,9312.927783103773,6313096.677565664
458001,1,1.0,0.0,0.0,0.0,0.0,1.0,1,0.031357573509510565,2.2128906,48.8153453,2.4298448,48.9069288,2.0132605846083528E8,6313096.677565664
5404,22,1.0,0.0,0.0,0.0,0.8181818181818181,1.0,1,0.07424596126809681,2.2986794,48.8493157,2.6870576,49.1071238,2.869873803876841E7,6313096.677565664
1308,1,1.0,0.0,0.0,0.0,0.0,1.0,1,1.0,0.0,0.0,0.0,0.0,0.0,6313096.677565664
375079,52,0.11538461538461539,0.34615384615384615,0.5384615384615384,0.11682242990654206,0.9423076923076923,1.0,4,0.19435867733009105,2.3518007,48.890898224999994,2.4166578000000003,48.911442525,2.480180641276758E7,6313096.677565664
160042,357,0.12605042016806722,0.6414565826330533,0.23249299719887956,0.04672897196261682,0.988795518207283,1.0,4,0.0,2.360878825,48.913006425,2.3761896499999997,48.92296652500001,14463.606990667073,6313096.677565664
35112,1,0.0,1.0,0.0,0.0,0.0,1.0,1,0.0,2.4136427,48.8513267,2.4150744,48.8569296,347078.2025565851,6313096.677565664
359725,1,0.0,0.0,1.0,0.0,1.0,1.0,1,0.02999784204811415,2.2100539,48.8152839,2.4299771,48.9071259,2.1045169407319233E8,6313096.677565664
351541,6,0.5,0.5,0.0,0.0,0.6666666666666667,1.0,1,0.0,2.4105538500000003,48.91037555,2.4139249,48.9159371,342728.45135202096,6313096.677565664
18744,60,0.36666666666666664,0.6,0.03333333333333333,0.06074766355140187,0.8666666666666667,0.9833333333333333,5,0.0,2.32092762,48.16454624,2.41357836,48.88751478,5.470034536827988E9,6313096.677565664
705842,251,0.38645418326693226,0.5577689243027888,0.055776892430278883,0.1308411214953271,0.9561752988047809,0.9681274900398407,3,0.0,2.3611726400000004,48.90204980000001,2.3745564800000003,48.909149400000004,430731.6475122745,6313096.677565664
47419,2,0.0,0.0,1.0,0.0,1.0,1.0,1,0.0,-160.9335202,-89.9984084,154.2432094,48.9973641,0.0,6313096.677565664
5271915,1,0.0,1.0,0.0,0.0,1.0,1.0,1,0.0,2.3919361,48.9021363,2.3921273,48.9022837,94.09410716841695,6313096.677565664
4843787,1,1.0,0.0,0.0,0.0,0.0,1.0,1,0.17398730993883704,2.3582351,48.9109608,2.3919183,48.9152439,9379892.200085735,6313096.677565664
24904,34,0.2647058823529412,0.6764705882352942,0.058823529411764705,0.0794392523364486,0.7058823529411764,0.9411764705882353,6,0.0,2.331866185714286,48.86874752857142,2.4283405285714283,48.90623787142857,4.482278003374424E7,6313096.677565664
3280249,4,0.5,0.5,0.0,0.0,0.75,1.0,1,0.47314387239389216,2.389225,48.90805585,2.3904062,48.911737849999994,152418.00278644895,6313096.677565664
116044,1,0.0,0.0,1.0,0.0,1.0,1.0,1,0.0,-72.7231818,17.4080616,139.7568546,48.531675,2.935711721742882E14,6313096.677565664
616774,1,0.0,1.0,0.0,0.0,1.0,1.0,1,0.0,1.9580863,48.8911797,2.5167647,49.0626264,1.8963348627103434E9,6313096.677565664
34130,3,0.3333333333333333,0.6666666666666666,0.0,0.0,1.0,0.6666666666666667,1,0.0,-72.72360483333334,17.407917700000002,148.27223953333336,50.803402266666666,2.935808707591925E14,6313096.677565664
185687,5,0.8,0.2,0.0,0.0,0.6,0.8,1,0.0,2.3673788,48.9219562,2.3776259,48.926611,394446.02528557106,6313096.677565664
103769,1,0.0,1.0,0.0,0.0,0.0,1.0,1,0.0,2.3839999,48.6310362,2.6096112,48.8159933,1.9273501898526898E8,6313096.677565664
483675,18,0.2777777777777778,0.2777777777777778,0.4444444444444444,0.018691588785046728,0.8888888888888888,0.8888888888888888,1,0.0,2.3947748,48.9035746,2.39523,48.9038476,224.3446793006987,6313096.677565664
3941729,1,0.0,1.0,0.0,0.0,1.0,1.0,1,0.0,2.3622297,49.0082894,2.3870047,49.0331977,5179661.902040914,6313096.677565664
142688,16,0.0,0.0,1.0,0.0,1.0,1.0,1,0.04788844396254789,2.2703838,48.8367313,2.3721483,48.90182,2781064.917216792,6313096.677565664
2126146,42,0.09523809523809523,0.9047619047619048,0.0,0.0,0.9523809523809523,1.0,7,0.0,2.113513917647058,48.63458822941176,2.6251528705882357,49.01576805294116,5.280467053124603E8,6313096.677565664
11618,4,0.5,0.5,0.0,0.0,0.75,1.0,1,0.013355963293806958,2.2608948,48.9165044,2.5465478,49.0092952,4.7267999609530157E8,6313096.677565664
109925,1,0.0,0.0,1.0,0.0,1.0,1.0,1,8.291577412948597E-4,1.7908449,48.7627476,3.2182595,49.4161086,7.613866895467652E9,6313096.677565664
2604353,5,1.0,0.0,0.0,0.0,1.0,1.0,1,0.0,2.3879668,48.9159007,2.3885693,48.9164206,1729.5610401592771,6313096.677565664
275821,1,0.0,1.0,0.0,0.0,0.0,1.0,1,0.017197304706140767,2.1996213,48.8078228,2.4698526,48.9091222,3.6709802992043287E8,6313096.677565664
1788274,2,0.0,1.0,0.0,0.0,1.0,1.0,1,0.0,2.3834631,48.915974,2.383687,48.9163439,1517.4760068549494,6313096.677565664
161128,1,0.0,1.0,0.0,0.0,0.0,1.0,1,1.0,2.3865554,48.9243215,2.3865554,48.9243215,0.0,6313096.677565664
2219338,1,0.0,1.0,0.0,0.0,0.0,1.0,1,0.0,2.3904014,48.9021045,2.3934617,48.9049138,57712.79184154326,6313096.677565664
651621,4,0.25,0.75,0.0,0.0,0.5,1.0,2,0.0,2.2993206333333336,48.843171600000005,2.4181140000000005,48.923473,6839998.743239821,6313096.677565664
10610,9,0.0,1.0,0.0,0.0,0.5555555555555556,1.0,2,0.0,1.3878048,48.1115878,3.6859761,49.2236252,1.666491346977906E10,6313096.677565664
125299,9,0.2222222222222222,0.7777777777777778,0.0,0.0,0.6666666666666667,0.8888888888888888,5,0.0,-84.71020643333333,-20.509163516666657,86.64212746666665,51.33878235,3.3567907266004665E15,6313096.677565664
6646032,47,0.6595744680851063,0.3404255319148936,0.0,0.009345794392523364,1.0,1.0,1,0.0,2.3539721625000003,48.9180471,2.3752190625000003,48.931999675,28704.697727447692,6313096.677565664
38262,7,0.2857142857142857,0.7142857142857143,0.0,0.0,0.5714285714285714,1.0,4,0.0,2.219255425,48.789799,2.482999125,48.932298325,1.5363229386869267E8,6313096.677565664
487793,4,0.0,1.0,0.0,0.0,1.0,1.0,1,0.17304872048912445,2.3771965,48.8964852,2.3838176,48.9071542,1257010.7399541459,6313096.677565664
647550,6,1.0,0.0,0.0,0.0,0.6666666666666667,1.0,2,0.0,2.36555335,48.911102850000006,2.3665656,48.91122435,8550.16127463621,6313096.677565664
15739,36,0.19444444444444445,0.75,0.05555555555555555,0.0,0.7777777777777778,0.9444444444444444,11,0.0,2.1266573846153847,48.8059606,2.3929724999999995,48.93673139230769,2.2069166388713467E8,6313096.677565664
2209114,8,0.0,1.0,0.0,0.0,0.75,1.0,1,1.0,2.3928802,48.9142544,2.4047974,48.9226158,144816.0001764672,6313096.677565664
98682,8,0.0,1.0,0.0,0.0,0.75,0.875,1,0.0,1.6884622,48.2767278,3.2598868,49.1887353,3.455652934372742E9,6313096.677565664
1955174,37,0.9459459459459459,0.05405405405405406,0.0,0.0,0.9189189189189189,0.972972972972973,1,0.0,2.3842763,48.9240793,2.3879965,48.9247525,106095.26601303881,6313096.677565664
7451919,1,1.0,0.0,0.0,0.0,0.0,1.0,1,1.0,2.3932355,48.9049194,2.3932355,48.9049194,0.0,6313096.677565664
419206,2,1.0,0.0,0.0,0.0,0.5,1.0,1,0.9788266623898929,2.3802887,48.9036809,2.3919971,48.9146396,908625.3413527327,6313096.677565664
1122708,102,0.2647058823529412,0.09803921568627451,0.6372549019607843,0.08411214953271028,0.9803921568627451,1.0,1,0.0,2.3574937,48.902818,2.3684076,48.9248307,5493594.244160935,6313096.677565664
155015,1,0.0,1.0,0.0,0.0,0.0,1.0,1,0.0,2.383528,48.9134688,2.3837553,48.9136937,416.045555458465,6313096.677565664
2512300,1,0.0,1.0,0.0,0.0,1.0,1.0,1,0.0,2.3670657,48.9213981,2.3674662,48.9219294,2936.889789448689,6313096.677565664
860575,1376,0.721656976744186,0.10755813953488372,0.17078488372093023,0.07009345794392523,0.9890988372093024,0.9949127906976745,7,0.0,2.396159657575758,48.90094698181819,2.405043803030303,48.91194751818182,1215930.2867603383,6313096.677565664
126356,1,0.0,1.0,0.0,0.0,0.0,1.0,1,0.0,2.2777039,48.9323054,2.472503,49.0363215,8.977130667542915E7,6313096.677565664
62871,3,0.0,1.0,0.0,0.0,0.6666666666666667,1.0,1,0.0,2.3689767666666666,48.961900566666664,2.4668582000000003,49.023548866666665,4917457.518885649,6313096.677565664
23960,1017,0.7453294001966568,0.23303834808259588,0.021632251720747297,0.1588785046728972,0.9744346116027532,0.9931170108161259,11,0.0,2.3608062235294116,48.8874029882353,2.457233952941177,48.95384577647059,6950771.21414639,6313096.677565664
52634,34,0.0,1.0,0.0,0.0,0.8529411764705882,1.0,3,0.0,0.6020727333333333,46.956041,4.4874198666666665,49.781838099999995,2.7101391355967274E10,6313096.677565664
858513,2,0.0,1.0,0.0,0.0,0.5,1.0,2,1.0,2.4094622,48.9226621,2.4094622,48.9226621,0.0,6313096.677565664
23966,1,0.0,1.0,0.0,0.0,0.0,1.0,1,0.0,2.3869563,48.6591464,2.5956135,48.8084499,6.059719967990178E7,6313096.677565664
23969,1,0.0,1.0,0.0,0.0,0.0,1.0,1,0.0,2.3057333,48.9006853,2.3227363,48.9115003,102516.8001719408,6313096.677565664
1810874,3,0.0,1.0,0.0,0.0,1.0,1.0,2,1.0,2.3751033,48.9040584,2.3768408,48.9073118,119361.563874717,6313096.677565664
1954239,2,0.0,1.0,0.0,0.0,0.5,1.0,1,0.0,2.3950965,48.8943185,2.4194689,48.9015331,3673789.9715675577,6313096.677565664
83365,1,0.0,1.0,0.0,0.0,0.0,1.0,1,0.0,2.3401442,43.880837,7.2980788,50.6866816,4.8037203892516E11,6313096.677565664
214436,3,0.0,1.0,0.0,0.0,1.0,1.0,2,0.0,-4.5108181,43.8391427,6.29704645,50.3983809,3.4590599187271416E10,6313096.677565664
582049,1,0.0,1.0,0.0,0.0,0.0,1.0,1,0.0,2.2866654,48.8386301,2.5966791,48.9937665,2.83281382429359E8,6313096.677565664
17835,2,0.0,1.0,0.0,0.004672897196261682,0.5,1.0,1,0.0,2.3363558,48.7863138,2.3951679,48.9063849,1.6368618712099442E8,6313096.677565664
41390,217,0.08294930875576037,0.8617511520737328,0.055299539170506916,0.1261682242990654,0.935483870967742,0.9907834101382489,9,0.0,2.3332826375000004,48.87034231249999,2.3865347312500003,48.9014874625,3880694.985602481,6313096.677565664
300459,1609,0.053449347420758235,0.7632069608452455,0.18334369173399628,0.19158878504672897,0.9788688626476072,0.9925419515226849,24,0.0,1.8452306211538456,48.35862055384616,2.885010803846153,49.07028838461538,7.890135265940186E8,6313096.677565664
649662,2,0.0,1.0,0.0,0.0,0.5,0.5,1,0.0,2.3584437,48.9084347,2.3658277,48.909511,439863.800107005,6313096.677565664
2488,52,0.36538461538461536,0.6346153846153846,0.0,0.06074766355140187,0.8653846153846154,0.9807692307692307,3,0.0,-0.3255160999999999,45.51500308,5.35960166,49.813291539999994,8.838061887505429E10,6313096.677565664
3516,1,0.0,1.0,0.0,0.0,1.0,0.0,1,0.0,-123.4951704,-43.5795597,174.7425049,63.4242679,0.0,6313096.677565664
42429,20,0.0,1.0,0.0,0.0,0.8,1.0,2,0.0,-1.0961576,45.592725,3.1491866,49.1670653,9.191066899161931E10,6313096.677565664
201149,2,0.0,1.0,0.0,0.0,0.0,1.0,1,0.0,-5.5239341,40.7697251,10.0903227,51.3677023,4.0322693580610754E11,6313096.677565664
870861,1568,0.03571428571428571,0.39158163265306123,0.5727040816326531,0.08878504672897196,0.9910714285714286,0.9948979591836735,13,0.0,-0.7814700550000002,45.728736690000005,3.104854165,49.19813858500002,9.61657261794246E10,6313096.677565664
50624,11,1.0,0.0,0.0,0.004672897196261682,0.9090909090909091,1.0,1,0.0,2.3322863,48.9102746,2.3775325,48.9420428,2106466.336749151,6313096.677565664
3197428,31,0.0,1.0,0.0,0.0,0.8387096774193549,1.0,1,0.0,-0.050227,46.8717308,3.3306024,49.1767315,1.0997608254341215E10,6313096.677565664
1428945,2,0.0,1.0,0.0,0.0,0.5,1.0,1,0.0,2.33216875,48.81908105,2.4133407499999997,48.92115220000001,1.0578460068619181E8,6313096.677565664
51655,1,0.0,1.0,0.0,0.0,0.0,1.0,1,0.045089911114519085,2.3224369,48.8653779,2.3673473,48.9079408,1.4028105485165736E7,6313096.677565664
2291177,1,1.0,0.0,0.0,0.0,1.0,1.0,1,0.0,2.3670983,48.9066187,2.3703956,48.9076179,66258.23812424805,6313096.677565664
2070989,14,0.0,1.0,0.0,0.018691588785046728,0.9285714285714286,0.7857142857142857,1,1.0,2.3711863333333336,48.90227636666666,2.3724529000000003,48.902551933333335,11587.062766170573,6313096.677565664
69075,2,0.0,1.0,0.0,0.0,1.0,1.0,1,1.0,2.403183,48.9152448,2.403183,48.9152448,0.0,6313096.677565664
290271,1,0.0,1.0,0.0,0.0,0.0,1.0,1,0.004445468311161297,2.0443182,48.7510792,2.658522,49.0294912,1.4201195994841053E9,6313096.677565664
5685641,1,0.0,1.0,0.0,0.0,1.0,1.0,1,0.0,2.37617,48.8999876,2.3762248,48.9006545,4532.846138476709,6313096.677565664
3841499,2,1.0,0.0,0.0,0.0,1.0,1.0,1,1.0,2.373762,48.9023055,2.373762,48.9023055,0.0,6313096.677565664
4602272,1,0.0,1.0,0.0,0.0,0.0,1.0,1,0.0,2.3318981,48.8707779,2.4113348,48.9211091,2531490.1342249396,6313096.677565664
4621742,3,0.0,1.0,0.0,0.0,0.6666666666666667,1.0,2,0.0,2.3648712,48.90764579999999,2.365788,48.9085943,7822.152634875195,6313096.677565664
356847,4,0.5,0.0,0.5,0.0,1.0,1.0,2,0.0,-177.48460593333334,-3.035773366666667,162.15017233333333,83.09960339999999,0.0,6313096.677565664
432618,14,0.07142857142857142,0.9285714285714286,0.0,0.0,0.7142857142857143,1.0,2,0.0,2.3115131,48.9057644,2.43715695,48.971468200000004,4.030233576132325E7,6313096.677565664
1016290,27,0.07407407407407407,0.9259259259259259,0.0,0.004672897196261682,0.7407407407407407,0.962962962962963,6,0.0026628631835831193,2.317306625,48.866554074999996,2.526309375,49.178614775,1.0521291101744051E9,6313096.677565664
362997,1,0.0,1.0,0.0,0.0,0.0,1.0,1,5.618592275427538E-4,2.3420804,48.7791449,3.3466188,49.8947091,1.1236082577437565E10,6313096.677565664
4897210,2,0.5,0.5,0.0,0.0,1.0,1.0,1,0.0,2.3977864,48.9094515,2.3981249,48.9096941,154.8878433646913,6313096.677565664
522742,8,0.125,0.875,0.0,0.0,0.375,1.0,1,0.494468669316867,2.3715894,48.9005217,2.3807332,48.91581,2598449.350944337,6313096.677565664
3083733,1,1.0,0.0,0.0,0.0,0.0,1.0,1,1.0,2.3763497,48.9027741,2.3763497,48.9027741,0.0,6313096.677565664
218616,14,0.6428571428571429,0.35714285714285715,0.0,0.02336448598130841,0.6428571428571428,1.0,4,1.0,2.3779945000000002,48.903809530000004,2.38849628,48.91160378,211664.8667739924,6313096.677565664
940533,3,0.3333333333333333,0.6666666666666666,0.0,0.009345794392523364,0.6666666666666667,1.0,1,1.0,2.3978297,48.9189362,2.4001572,48.9218878,88641.33590159263,6313096.677565664
1927709,1,0.0,1.0,0.0,0.0,0.0,1.0,1,0.0,2.2143113,48.9512927,2.365359,49.0402338,3.0376881253649205E7,6313096.677565664
1279506,1,0.0,1.0,0.0,0.0,1.0,1.0,1,0.0,1.8392918,48.3459081,4.5800913,49.3431772,3.824901385707285E10,6313096.677565664
98821,7,0.0,0.42857142857142855,0.5714285714285714,0.004672897196261682,1.0,1.0,1,1.5034194782479387E-4,-1.8115748,46.6690216,2.7854504,49.1485733,4.1991584976156136E10,6313096.677565664
4205124,64,0.375,0.578125,0.046875,0.018691588785046728,0.90625,1.0,6,1.0,2.3873501666666668,48.911129566666666,2.393152966666667,48.91510113333334,21960.727096523002,6313096.677565664
194054,12,0.0,0.9166666666666666,0.08333333333333333,0.028037383177570093,0.75,1.0,3,0.0,2.3590605,48.908758500000005,2.3745941999999998,48.926602849999995,3047524.88576533,6313096.677565664
85516,17,0.0,1.0,0.0,0.0,0.7058823529411764,1.0,4,1.0,0.0,0.0,0.0,0.0,0.0,6313096.677565664
111123,15,0.8,0.2,0.0,0.0,0.6666666666666667,1.0,1,0.1899543101804484,2.3447681,48.883527449999995,2.4060609,48.9372791,1.923060416825157E7,6313096.677565664
1955342,202,0.5841584158415841,0.3465346534653465,0.06930693069306931,0.018691588785046728,0.9752475247524752,0.995049504950495,3,0.0,2.3832272500000005,48.92347178333333,2.3882172,48.924719033333325,169658.79169031043,6313096.677565664
1068549,5,0.4,0.6,0.0,0.0,0.8,0.8,1,0.0,2.3675479,48.9041165,2.3685111,48.9056861,27272.068610058657,6313096.677565664
2104887,1,0.0,1.0,0.0,0.0,0.0,1.0,1,0.0,2.398221,48.9113418,2.4004054,48.9120611,27275.0913996203,6313096.677565664
5745229,29,0.0,1.0,0.0,0.0,0.9310344827586207,1.0,3,1.5053945987057298E-4,0.4746403000000002,48.82596363333334,2.5984212666666666,48.91274763333333,4.193649082435515E10,6313096.677565664
79386,4,0.0,1.0,0.0,0.0,0.5,0.75,3,0.0,-3.2895539333333326,42.00974716666666,9.216522266666667,51.39083946666667,4.6454295508682825E11,6313096.677565664
1772032,29,0.0,1.0,0.0,0.0,0.9655172413793104,1.0,1,0.0,1.5443752666666664,48.12027323333333,3.3600288333333332,49.198173499999996,3.674103464741458E9,6313096.677565664
57884,20,0.05,0.9,0.05,0.004672897196261682,0.85,1.0,1,0.0,2.3979483,48.9005776,2.423408,48.9105077,3108165.803601452,6313096.677565664
2486788,1,0.0,1.0,0.0,0.0,0.0,1.0,1,0.0,2.3675665,48.91536,2.3675933,48.9164236,11068.017480612816,6313096.677565664
88611,1,0.0,1.0,0.0,0.0,0.0,1.0,1,0.0,2.3634988,48.8685549,2.4067064,48.8988726,1931921.879449146,6313096.677565664
15908,11,0.09090909090909091,0.8181818181818182,0.09090909090909091,0.0,0.8181818181818181,1.0,5,0.0,2.205847418181818,48.88044994545455,2.4730017272727274,48.99906675454545,2.8096455136060375E8,6313096.677565664
1954360,1,0.0,1.0,0.0,0.0,0.0,1.0,1,0.0,2.2131306,48.9507649,2.3641555,49.0383035,3.4436338331943445E7,6313096.677565664
1598001,1,0.0,1.0,0.0,0.0,0.0,1.0,1,0.0,2.3969441,48.8775742,2.4114365,48.8903025,1083644.302366055,6313096.677565664
12842,2,1.0,0.0,0.0,0.0,0.5,0.5,1,0.005160979616927675,2.2681042,48.8735284,2.6935675,48.9812432,1.223236119138917E9,6313096.677565664
1617449,1,0.0,1.0,0.0,0.0,0.0,1.0,1,0.5733773042314451,2.3663773,48.9029223,2.3713433,48.903353,214130.57336051532,6313096.677565664
2226712,2,0.0,1.0,0.0,0.0,1.0,1.0,2,0.0,2.3844035999999997,48.915112300000004,2.3853226999999997,48.9154815,3899.4751216553873,6313096.677565664
2082341,5,1.0,0.0,0.0,0.004672897196261682,0.8,1.0,1,1.0,2.3899975,48.9120039,2.3908549,48.9128166,5100.639511412731,6313096.677565664
75339,8,0.0,1.0,0.0,0.0,0.75,1.0,1,0.0,2.3428799,48.8395775,2.7716043,48.9692411,1.116701579197638E9,6313096.677565664
2075220,26,0.0,0.8846153846153846,0.11538461538461539,0.06074766355140187,0.9615384615384616,1.0,1,0.0,2.4102651,48.9205338,2.4109777,48.9209854,206.95302199732797,6313096.677565664
1232479,81,0.37037037037037035,0.6172839506172839,0.012345679012345678,0.13551401869158877,0.8271604938271605,0.962962962962963,4,0.15326624940716935,2.405331192857143,48.92026657142856,2.410747742857143,48.92281039285713,102399.19694993545,6313096.677565664
242257,7,0.0,1.0,0.0,0.0,0.8571428571428572,1.0,2,0.0,-4.87080645,41.1250431,9.8372154,50.526118849999996,1.8685519408016718E11,6313096.677565664
4983317,25,0.76,0.24,0.0,0.0,0.92,0.96,6,0.0,2.38833736,48.902180120000004,6.17520892,49.58912556,1.0607329517158293E11,6313096.677565664
22108,1,0.0,1.0,0.0,0.0,0.0,1.0,1,0.026803677439289006,2.2140877,48.8175181,2.4626164,48.9293977,2.355309898003729E8,6313096.677565664
170592,3,0.0,1.0,0.0,0.0,1.0,1.0,1,0.0,2.3879894,48.8994343,2.3926626,48.9012658,104089.72449691895,6313096.677565664
4763179,6,0.0,1.0,0.0,0.0,0.8333333333333334,1.0,2,0.0,2.2409648,48.8071987,2.4281132999999997,48.90373015,9.309197794112705E7,6313096.677565664
83557,94187,0.9549937889517661,0.034123605168441505,0.010882605879792328,1.0,0.998587915529744,0.9993629694119146,97,0.0,2.326820361751152,48.48657772304147,2.5766129069124415,48.929319330414764,2.2012365579397693E9,6313096.677565664
213614,2,0.5,0.5,0.0,0.0,0.5,1.0,1,0.15339510560315578,2.35595,48.8762063,2.3833186,48.9182435,1.9317257614534494E7,6313096.677565664
1704554,193,0.36787564766839376,0.6062176165803109,0.025906735751295335,0.102803738317757,0.8652849740932642,0.9844559585492227,12,0.0,2.385542225,48.905069425,2.4216673875000003,48.92816400000001,381832.079716939,6313096.677565664
107123,1,0.0,1.0,0.0,0.0,0.0,1.0,1,0.0,2.4249095,48.6725813,2.6104432,48.8202205,1.1032896294516826E8,6313096.677565664
675449,51,0.09803921568627451,0.4117647058823529,0.49019607843137253,0.04672897196261682,0.9607843137254902,1.0,3,0.10299416733160463,2.383993390909091,48.907342472727265,2.4418295636363636,48.939492181818174,6472884.839224938,6313096.677565664
695934,1,1.0,0.0,0.0,0.0,1.0,1.0,1,1.0,2.3765142,48.9022557,2.3765142,48.9022557,0.0,6313096.677565664
339581,5,0.0,1.0,0.0,0.009345794392523364,1.0,1.0,1,0.0,2.3427935,48.8666918,2.4840224,48.9308053,7.480159618713304E7,6313096.677565664
2815659,1,0.0,1.0,0.0,0.0,1.0,1.0,1,0.0,2.2759391,48.4954468,8.1438754,49.2931328,2.6411215748472302E11,6313096.677565664
8834,1,0.0,1.0,0.0,0.0,0.0,1.0,1,0.0,2.2810821,48.8000971,3.1285089,49.1003756,3.819746446992795E9,6313096.677565664
439947,11,0.45454545454545453,0.5454545454545454,0.0,0.03271028037383177,0.8181818181818181,1.0,2,0.0,2.3009808,48.92941435,2.3821914,48.9743668,1.3135770401468948E7,6313096.677565664
1679,12,0.0,1.0,0.0,0.009345794392523364,0.5,0.8333333333333334,8,0.0,-59.25055611666667,12.076758416666669,71.04915401666666,48.95991415,4.466262070395901E13,6313096.677565664
24207,45,0.8444444444444444,0.1111111111111111,0.044444444444444446,0.004672897196261682,0.8888888888888888,0.9777777777777777,2,0.0,2.3832297999999996,48.899712775000005,2.393170825,48.90677674999999,120666.26672319748,6313096.677565664
3003069,21,0.3333333333333333,0.5714285714285714,0.09523809523809523,0.0,0.9523809523809523,0.9523809523809523,1,0.0,2.3747088666666665,48.89983415,2.3797136833333337,48.902696433333325,40671.088909940576,6313096.677565664
2853561,4,0.0,1.0,0.0,0.0,0.5,1.0,1,0.0,2.2184598,48.7694956,2.6052257,48.9351555,6.229717449346821E8,6313096.677565664
342673,12,1.0,0.0,0.0,0.0,0.9166666666666666,0.9166666666666666,1,0.0,1.0849287,48.8137816,2.443785,49.93406,6.817226005541291E9,6313096.677565664
22165,16,0.0,1.0,0.0,0.0,0.9375,1.0,1,0.0038303445502340014,2.3381311499999997,48.921469,2.9668571,49.191997650000005,1.6481798425105093E9,6313096.677565664
221846,1,0.0,1.0,0.0,0.0,0.0,1.0,1,0.0,-5.3427773,42.1101448,7.3911571,51.3170872,4.02168651964904E11,6313096.677565664
141978,19,0.0,1.0,0.0,0.004672897196261682,0.6842105263157895,1.0,2,0.0,2.0360519,48.675268,2.6882318,49.0313012,8.934909166925975E8,6313096.677565664
2238139,650,0.16307692307692306,0.4323076923076923,0.4046153846153846,0.09813084112149532,0.98,0.9938461538461538,12,0.0,2.3672394082474226,48.86819396701031,2.39809873298969,48.90560738041235,1.3907333367816048E7,6313096.677565664
163480,68,0.1323529411764706,0.45588235294117646,0.4117647058823529,0.02336448598130841,0.9558823529411765,0.9852941176470589,3,0.0,1.701553375,48.875296725000005,2.4189005249999997,49.461938274999994,1.8481711344885108E9,6313096.677565664
1238664,45,0.15555555555555556,0.8444444444444444,0.0,0.004672897196261682,0.8,1.0,5,0.0,1.9905166857142855,48.29583297142858,2.925524457142857,49.01932471428571,2.3918914287420917E9,6313096.677565664
90780,117,0.017094017094017096,0.9572649572649573,0.02564102564102564,0.102803738317757,0.8461538461538461,0.9743589743589743,10,0.0,0.40155614999999995,47.138651805555554,3.879274038888888,49.45031093333333,5.749469933474949E9,6313096.677565664
197277,1,0.0,1.0,0.0,0.0,0.0,1.0,1,0.0,2.4150554,48.8492257,2.4234504,48.8553546,117615.45352397958,6313096.677565664
134812,1,0.0,1.0,0.0,0.0,0.0,1.0,1,0.0,1.9350012,48.1423021,3.4228483,49.2640389,4.977053885430412E9,6313096.677565664
709289,812,0.5985221674876847,0.08990147783251232,0.31157635467980294,0.04205607476635514,0.9963054187192119,0.9987684729064039,2,1.5517493707046064E-4,0.13190529999999998,48.150736300000005,3.1798192333333333,49.42700416666667,4.06837392477824E10,6313096.677565664
3959449,6,0.6666666666666666,0.3333333333333333,0.0,0.0,0.6666666666666667,1.0,1,0.0,2.3956837,48.908129949999996,2.40144825,48.912787449999996,114130.63908047751,6313096.677565664
767661,1,0.0,1.0,0.0,0.0,0.0,1.0,1,0.0,2.332799,48.8181995,2.3829072,48.867295,1.9660309558194388E7,6313096.677565664
2228868,1,0.0,1.0,0.0,0.004672897196261682,0.0,1.0,1,1.0,2.3759265,48.9065538,2.3759265,48.9065538,0.0,6313096.677565664
352940,2,0.0,1.0,0.0,0.0,0.5,1.0,2,0.0,2.84687135,49.19209934999999,3.0575016,49.2377309,3.194296555423765E8,6313096.677565664
1075899,4,1.0,0.0,0.0,0.009345794392523364,0.75,1.0,1,0.0,2.3571699,48.9213552,2.3674952,48.9273718,151791.54870936956,6313096.677565664
37548,207,0.33816425120772947,0.6086956521739131,0.05314009661835749,0.26635514018691586,0.9420289855072463,0.9710144927536232,10,0.0,1.272716035714286,40.61456554285714,5.549864321428572,46.05144098571429,3.450204086400507E11,6313096.677565664
10927,69,0.13043478260869565,0.8260869565217391,0.043478260869565216,0.04672897196261682,0.8985507246376812,1.0,4,0.0,2.161684016666667,43.711323633333336,15.668217499999999,52.17553720000001,5.2072013432326035E10,6313096.677565664
262836,15,0.5333333333333333,0.4666666666666667,0.0,0.0,0.8,1.0,3,0.17689535497909992,2.3600239666666667,48.87871476666667,2.4347993,48.94800949999999,3.5688312326299086E7,6313096.677565664
6466263,120,0.03333333333333333,0.058333333333333334,0.9083333333333333,0.09813084112149532,1.0,1.0,2,0.0,2.3635762,48.9029076,2.3695712,48.9252698,5555246.305233855,6313096.677565664
110263,15,0.06666666666666667,0.6,0.3333333333333333,0.02336448598130841,0.8666666666666667,1.0,3,0.0,2.257362066666667,48.82006706666667,2.567471,48.94222853333334,4.545675803354398E8,6313096.677565664
694962,4,0.0,1.0,0.0,0.0,0.5,1.0,1,0.0,2.3660341000000003,48.92836206666667,2.3999814,48.95141673333333,610168.5628041427,6313096.677565664
24251,6,0.3333333333333333,0.5,0.16666666666666666,0.0,0.33333333333333337,1.0,2,0.0,2.3476745,48.839613433333334,2.4167533333333338,48.888054966666665,4931635.018373452,6313096.677565664
26299,20,1.0,0.0,0.0,0.0,1.0,1.0,1,1.0,2.3827948,48.9084165,2.3844521,48.9097556,9442.002198676695,6313096.677565664
706229,2,0.0,1.0,0.0,0.0,1.0,1.0,1,3.6197634432741627E-6,-5.8028807,47.0089049,8.8052616,49.1061755,1.7440633280320984E12,6313096.677565664
467655,1,0.0,1.0,0.0,0.0,0.0,1.0,1,0.0,2.3112049,48.9171956,2.4672015,49.048333,1.0194125279634061E8,6313096.677565664
219843,3,0.0,1.0,0.0,0.0,0.6666666666666667,1.0,3,0.0,-38.21845665000001,9.64061225,84.59834479999999,50.1026418,1.7538397147205184E13,6313096.677565664
6236830,24,0.08333333333333333,0.125,0.7916666666666666,0.03271028037383177,1.0,1.0,2,0.0,2.3657394,48.9034727,2.37122505,48.9061909,91353.11756411535,6313096.677565664
4802,3,0.0,1.0,0.0,0.0,0.33333333333333337,1.0,2,0.0,2.2949322,47.51764465,11.242511149999999,48.9202215,5.695743415350881E11,6313096.677565664
91842,1,0.0,1.0,0.0,0.0,0.0,1.0,1,0.0,2.3645354,48.9076458,2.36589,48.9092077,23422.86360468563,6313096.677565664
4485761,1,1.0,0.0,0.0,0.0,0.0,1.0,1,1.0,2.3715875,48.9132135,2.3715875,48.9132135,0.0,6313096.677565664
332493,26,0.15384615384615385,0.7692307692307693,0.07692307692307693,0.03271028037383177,0.6923076923076923,0.9615384615384616,2,0.027020391926549446,2.3836146250000003,48.902677575000006,2.38774535,48.908712525000006,392525.32443230436,6313096.677565664
1586896,22,0.045454545454545456,0.9545454545454546,0.0,0.06542056074766354,0.9090909090909091,0.9545454545454546,1,0.11428704789294876,2.3838991,48.907536,2.4274497,48.9273434,7097752.971120376,6313096.677565664
53964,174,0.19540229885057472,0.7011494252873564,0.10344827586206896,0.1308411214953271,0.8850574712643678,0.9942528735632183,21,0.0048739502930722385,2.0424963849999997,48.83582646500001,2.4720223300000006,48.93671697999999,1.2952730942986856E9,6313096.677565664
3364606,1,1.0,0.0,0.0,0.0,1.0,0.0,1,1.0,2.3938467,48.901285,2.3938467,48.901285,0.0,6313096.677565664
167634,16,0.0,0.0,1.0,0.0,1.0,1.0,1,0.0,2.2168533,48.7950776,2.4963289,48.920784,2.9784830020833826E8,6313096.677565664
365279,4,0.0,1.0,0.0,0.0,0.75,1.0,1,0.005707538531734038,2.3491055,48.8780371,2.3591415,48.9120978,1.2982425318151558E7,6313096.677565664
4953744,1,0.0,1.0,0.0,0.0,1.0,1.0,1,1.0,2.3929038,48.9013192,2.3929038,48.9013192,0.0,6313096.677565664
562903,1,0.0,0.0,1.0,0.0,1.0,1.0,1,0.0,2.4113354,48.8828459,2.4246267,48.8910762,121647.87164038113,6313096.677565664
365274,4,0.0,1.0,0.0,0.0,0.75,1.0,3,0.0,2.33235535,48.818954525,2.4133961,48.92126185000001,1.0649546034750398E8,6313096.677565664
6273727,2,0.0,1.0,0.0,0.0,1.0,1.0,1,1.0,2.41012315,48.9207587,2.41012315,48.9207587,0.0,6313096.677565664
3020487,8,0.625,0.375,0.0,0.0,0.875,1.0,1,0.0,2.36538805,48.906610549999996,2.3664955,48.906823700000004,9235.41183770009,6313096.677565664
2063093,4,0.0,1.0,0.0,0.0,0.75,1.0,1,0.0,2.409698,48.919757,2.4136474,48.9234962,107647.77082798304,6313096.677565664
1872631,23,0.08695652173913043,0.17391304347826086,0.7391304347826086,0.004672897196261682,0.9130434782608696,0.9565217391304348,1,0.0,2.3637489,48.9066488,2.3665609,48.90810725,20727.532910886268,6313096.677565664
2179792,8,0.5,0.5,0.0,0.0,0.875,1.0,7,1.0,2.3830337375000004,48.90759998750001,2.3830998625,48.9076941125,94.70208484517923,6313096.677565664
107257,220,0.8272727272727273,0.1318181818181818,0.04090909090909091,0.11682242990654206,0.9681818181818181,0.9954545454545455,7,0.0,-1.0846527166666668,44.621485,5.330955716666666,50.22080954999999,2.3551257937640454E11,6313096.677565664
14081,9,0.5555555555555556,0.3333333333333333,0.1111111111111111,0.0,0.6666666666666667,0.8888888888888888,1,1.0,2.3727454,48.901667133333326,2.3730640666666667,48.902796566666666,14223.365183397202,6313096.677565664
1075986,779,0.613607188703466,0.1116816431322208,0.27471116816431324,0.037383177570093455,0.9910141206675225,1.0,6,0.8250776733853608,2.3827874857142857,48.9128634,2.3919909857142856,48.91647435714287,403513.03809754783,6313096.677565664
1227542,6,0.16666666666666666,0.8333333333333334,0.0,0.0,1.0,1.0,2,0.2255612696861916,2.3806890999999997,48.9101378,2.4338933999999997,48.927855300000004,1.6029514279026E7,6313096.677565664
616204,6,0.5,0.5,0.0,0.0,0.33333333333333337,0.8333333333333334,1,0.0,2.3925693499999996,48.9017445,2.39385955,48.90353209999999,33831.249611456726,6313096.677565664
317197,21,0.5238095238095238,0.47619047619047616,0.0,0.0,0.5714285714285714,0.8571428571428572,2,0.0,2.3826059333333336,48.9022419,2.3901897,48.91016586666667,551644.278366216,6313096.677565664
2748195,3,0.0,0.6666666666666666,0.3333333333333333,0.0,0.6666666666666667,1.0,1,0.32129678147080776,2.3664878,48.9035616,2.3714605,48.904206,203784.83747183238,6313096.677565664
904963,563,0.8472468916518651,0.03374777975133215,0.11900532859680284,0.018691588785046728,0.9911190053285968,0.9982238010657194,2,0.0,2.4046678666666663,48.89375116666667,2.4332358000000003,48.915888966666664,2173191.4424447333,6313096.677565664
48910,1,0.0,1.0,0.0,0.0,0.0,1.0,1,0.0,2.3059301,48.9456611,2.3354771,48.9521307,6306631.61256757,6313096.677565664
2814778,10,0.0,1.0,0.0,0.0,0.9,1.0,1,0.055106617953585776,2.253916266666667,48.82732626666667,2.4095776,48.9044656,7.329634152110434E7,6313096.677565664
47892,34,0.7352941176470589,0.2647058823529412,0.0,0.04205607476635514,0.9117647058823529,1.0,3,0.0,2.3491816333333335,48.911242200000004,2.3675498333333334,48.92788049999999,1972978.1229693685,6313096.677565664
4496211,283,0.8515901060070671,0.13074204946996468,0.0176678445229682,0.02336448598130841,0.9823321554770318,1.0,7,1.0,2.383797133333333,48.909239725,2.387107233333333,48.91291535833333,125812.38171531126,6313096.677565664
2317112,1,0.0,1.0,0.0,0.0,1.0,1.0,1,0.0,2.4659721,48.9045075,2.4743791,48.9062071,522685.63673014526,6313096.677565664
109343,5,0.4,0.6,0.0,0.004672897196261682,0.19999999999999996,1.0,1,1.0,2.3706217,48.8978741,2.3770493,48.9078548,1091500.0290311386,6313096.677565664
2097920,4,0.0,1.0,0.0,0.0,0.5,1.0,2,3.6352510069194953E-4,2.25376935,48.775646249999994,3.3506544999999996,50.1154709,1.736632949292646E10,6313096.677565664
19237,10,0.1,0.9,0.0,0.0,0.7,1.0,2,0.0,-0.5249422499999998,45.1892922,7.250024250000001,49.19085455,1.2659945497618481E11,6313096.677565664
57126,11,0.2727272727272727,0.7272727272727273,0.0,0.0,0.6363636363636364,1.0,4,0.0,2.3690622799999996,48.89369698,2.428014,48.92576374,7488231.613021535,6313096.677565664
46888,3,0.0,1.0,0.0,0.0,1.0,1.0,2,0.0,2.34728925,48.92166245,2.3673944000000002,48.9314915,1277521.2628108277,6313096.677565664
3620638,5530,0.6795660036166365,0.23616636528028934,0.08426763110307414,0.16822429906542055,0.9942133815551537,0.9980108499095841,20,0.0,2.3941880414473684,48.90101143421053,2.4008300861842127,48.90510946842109,32626.247196585984,6313096.677565664
550691,21,0.23809523809523808,0.7142857142857143,0.047619047619047616,0.04205607476635514,1.0,1.0,3,0.08720309856108498,2.30855975,48.871917675,2.44492375,48.932699400000004,7.239532518610445E7,6313096.677565664
187177,1,0.0,1.0,0.0,0.0,1.0,1.0,1,0.024054756529492995,2.2716555,48.843335,2.5690863,48.9918844,2.6244691646848798E8,6313096.677565664
3658524,1,0.0,1.0,0.0,0.0,0.0,1.0,1,0.0,2.4036857,48.9857605,2.4963765,49.0452452,2396091.2601355584,6313096.677565664
5752697,1,0.0,1.0,0.0,0.0,0.0,1.0,1,0.07445833096007083,2.3698348,48.8945797,2.3807328,48.9042315,634443.1826786913,6313096.677565664
397097,17,0.0,0.9411764705882353,0.058823529411764705,0.04672897196261682,0.8235294117647058,1.0,2,0.0,2.3014768750000005,48.890367775,2.4097533,48.9804621,4.696230366402817E7,6313096.677565664
11068,8,0.0,1.0,0.0,0.0,0.5,1.0,2,0.0,0.23480139999999994,48.457919149999995,2.93108285,49.565669,3.3310166029042973E10,6313096.677565664
27454,186,0.7849462365591398,0.21505376344086022,0.0,0.07476635514018691,0.9516129032258065,0.9838709677419355,2,0.0,2.378238866666667,48.885596,2.3925954333333332,48.894888233333326,24586.97167216425,6313096.677565664
6975,3,0.0,1.0,0.0,0.0,0.0,1.0,1,0.0,-121.7442694,-36.8474867,174.7620148,60.2039619,0.0,6313096.677565664
172867,172,0.0,0.8081395348837209,0.19186046511627908,0.028037383177570093,0.9825581395348837,0.9941860465116279,4,0.0,0.2588341999999999,47.3570706,7.32741552,49.81944588,2.5956763894175024E11,6313096.677565664
6654756,2,0.0,1.0,0.0,0.0,1.0,1.0,1,2.357319455873943E-4,0.6878368,47.3369478,2.6293479,49.1567713,2.678082795199759E10,6313096.677565664
43845,6,0.5,0.16666666666666666,0.3333333333333333,0.0,0.5,1.0,2,0.0,2.3406205499999997,48.827741599999996,2.55363295,48.96964105000001,1.2256460283470502E7,6313096.677565664
138059,732,0.4453551912568306,0.31693989071038253,0.23770491803278687,0.24299065420560748,0.9494535519125683,0.9863387978142076,22,0.0,2.344670065217391,48.879668208695655,2.400974582608696,48.91493100869565,1744280.8932550708,6313096.677565664
37707,31,0.12903225806451613,0.8709677419354839,0.0,0.009345794392523364,0.7419354838709677,0.935483870967742,1,0.0,2.3084258,48.873575,2.38412075,48.939831,2.9123643509379465E7,6313096.677565664
145231,13,0.0,1.0,0.0,0.0,0.46153846153846156,1.0,3,0.0,-180.0,-54.4882681,180.0,81.1912465,0.0,6313096.677565664
161619,11,0.0,1.0,0.0,0.014018691588785047,0.4545454545454546,1.0,1,0.0,2.3317617,48.8629891,2.4150965,48.9248581,1.34070118836407E7,6313096.677565664
2898,14,0.0,1.0,0.0,0.004672897196261682,0.9285714285714286,1.0,1,0.0,2.3017637,48.7863138,2.3951679,48.9063849,1.4824937664913374E8,6313096.677565664
704348,11,0.36363636363636365,0.36363636363636365,0.2727272727272727,0.056074766355140186,0.7272727272727273,0.9090909090909091,2,3.2932175350685754E-4,0.11650414999999992,47.717361249999996,2.77905375,49.06968485,1.916999593965239E10,6313096.677565664
2708338,6,0.8333333333333334,0.16666666666666666,0.0,0.004672897196261682,0.8333333333333334,0.8333333333333334,1,0.0,2.3696188,48.9168722,2.3700264,48.9173838,2650.859620780406,6313096.677565664
3948380,66,0.0,0.0,1.0,0.014018691588785047,1.0,1.0,1,0.0,2.3644806,48.9178582,2.3669577,48.9188511,28427.00517451867,6313096.677565664
33634,185,0.4810810810810811,0.5081081081081081,0.010810810810810811,0.028037383177570093,0.8972972972972972,0.9783783783783784,17,0.007059542109917249,2.1707732555555554,48.777829505555566,2.601040555555555,48.94441671111111,8.942643275258634E8,6313096.677565664
442210,2,0.0,1.0,0.0,0.004672897196261682,0.0,1.0,1,0.004151377963265172,2.0523167,48.7877544,2.6682386,49.0583182,1.5207231751551335E9,6313096.677565664
51045,56,0.0,1.0,0.0,0.0,0.9642857142857143,1.0,3,0.051273127976044094,2.3471237,48.88870475,2.5131816999999996,48.959821149999996,1.1539528656849034E8,6313096.677565664
307061,5,0.2,0.6,0.2,0.0,0.8,1.0,1,0.0,2.32851,48.83561336666667,2.412027033333333,48.92170303333333,6.426709278563565E7,6313096.677565664
3128152,2,1.0,0.0,0.0,0.0,0.0,1.0,1,1.0,2.3674594,48.9092859,2.3674594,48.9092859,0.0,6313096.677565664
2269016,360,0.23333333333333334,0.21666666666666667,0.55,0.056074766355140186,0.9611111111111111,0.9916666666666667,7,0.0,2.3648138454545458,48.904642236363635,2.370401181818182,48.91048327272726,300040.54874200816,6313096.677565664
41851,31,0.8709677419354839,0.12903225806451613,0.0,0.0,0.935483870967742,1.0,2,0.6232458546435586,2.388544825,48.90567645,2.3937341,48.918273424999995,1802649.128035404,6313096.677565664
2511706,2,0.5,0.0,0.5,0.0,1.0,1.0,1,1.0,2.3676859,48.9020047,2.3679259,48.9026586,4844.136129930664,6313096.677565664
290680,1,0.0,1.0,0.0,0.014018691588785047,1.0,1.0,1,0.0,-20.7202686,37.6325238,139.1705237,54.8255609,8.92959155340267E12,6313096.677565664
7037,1,0.0,1.0,0.0,0.0,0.0,1.0,1,0.0,-2.5125871,30.8889002,75.807073,54.1553315,2.4427176863137418E13,6313096.677565664
207745,2,0.0,1.0,0.0,0.0,0.0,1.0,1,0.0,-101.1358152,-40.1900501,165.366038,69.8491343,0.0,6313096.677565664
451458,15,0.9333333333333333,0.06666666666666667,0.0,0.0,0.9333333333333333,1.0,1,0.2914259995376129,2.379982,48.9049274,2.3906671,48.9071832,833573.6524495356,6313096.677565664
14213,1,0.0,1.0,0.0,0.0,0.0,1.0,1,0.0,1.8989639,48.8817933,2.3689298,49.1455885,4.1378274976527774E8,6313096.677565664
17286,14,0.0,0.8571428571428571,0.14285714285714285,0.0,0.7857142857142857,1.0,8,0.0,2.1708697375,48.84361051250001,2.3696861375,49.018644487500005,2.059355829262999E8,6313096.677565664
209796,1,0.0,1.0,0.0,0.0,1.0,1.0,1,1.0,2.3763465,48.9025742,2.3763497,48.9027741,387.9493900667903,6313096.677565664
293774,11,0.0,0.2727272727272727,0.7272727272727273,0.014018691588785047,0.9090909090909091,1.0,1,0.0,2.0597473,48.8342282,2.4416126,49.0103768,5.3170520581466764E8,6313096.677565664
120715,2,0.5,0.0,0.5,0.0,1.0,1.0,1,2.185176050276508E-5,2.1914793,48.8636364,8.1300411,49.3754638,2.889056319634666E11,6313096.677565664
2037651,36,0.7222222222222222,0.25,0.027777777777777776,0.0,0.9444444444444444,1.0,1,0.0,2.3876514,48.9054196,2.3904905000000003,48.9094256,171008.06850979303,6313096.677565664
1418137,1,0.0,1.0,0.0,0.0,0.0,1.0,1,0.0,-5.1195261,43.0204688,8.0798942,51.3830726,4.298087857242259E10,6313096.677565664
181135,9,0.0,1.0,0.0,0.0,0.2222222222222222,1.0,6,0.0,2.00366344,47.71899844,3.43104808,49.20234065999999,1.9495258323688038E10,6313096.677565664
41873,2,0.0,1.0,0.0,0.0,0.5,1.0,1,0.0,2.4656932,48.6994343,2.8699875,49.0158685,4.645033893893422E8,6313096.677565664
149399,7,0.14285714285714285,0.7142857142857143,0.14285714285714285,0.0,0.7142857142857143,1.0,3,0.0,2.3812750571428576,48.65154855714286,2.631864914285714,48.933955328571436,7.533187620913798E8,6313096.677565664
3990,228,0.017543859649122806,0.9824561403508771,0.0,0.10747663551401869,0.9605263157894737,0.9912280701754386,4,0.0,2.2360682333333335,48.9016384,2.4121882166666664,48.99282061666667,8.230276150726555E7,6313096.677565664
412560,45,0.044444444444444446,0.8666666666666667,0.08888888888888889,0.028037383177570093,0.9777777777777777,1.0,2,0.0,2.3565466,48.9036056,2.3793077,48.9296579,6478207.6133501325,6313096.677565664
545694,3,0.6666666666666666,0.3333333333333333,0.0,0.0,0.6666666666666667,0.6666666666666667,1,1.0,2.3752473,48.9061026,2.3766376,48.9072306,6801.228401787872,6313096.677565664
49047,150,0.18,0.3466666666666667,0.47333333333333333,0.04205607476635514,0.92,1.0,7,0.0,2.3310269833333335,48.89250092500001,2.431296175,48.955957641666664,4288804.180549439,6313096.677565664
1732493,5,0.2,0.0,0.8,0.02336448598130841,0.8,1.0,1,1.0,2.37179,48.9011313,2.3752626,48.9039565,43095.76527146351,6313096.677565664
1779584,10,0.0,1.0,0.0,0.1822429906542056,0.5,0.9,4,5.98063348292989E-4,2.25801874,48.012286720000006,2.4728942800000002,48.99494152,1.055589963100849E10,6313096.677565664
384920,1,0.0,1.0,0.0,0.0,0.0,1.0,1,0.0,2.3163406,48.8191302,2.4266652,48.9245821,8.72913696067918E7,6313096.677565664
1443767,7,0.0,1.0,0.0,0.0,1.0,1.0,4,0.0,-2.5903947250000003,43.5105536,7.5377917,50.924864674999995,2.4394677648064822E11,6313096.677565664
1441716,1,0.0,1.0,0.0,0.0,0.0,1.0,1,8.14561147678061E-5,2.0364785,48.3466904,8.6696663,53.5219456,7.750304192093372E10,6313096.677565664
429988,13,0.15384615384615385,0.3076923076923077,0.5384615384615384,0.03271028037383177,0.8461538461538461,0.9230769230769231,1,1.0,2.3713733,48.9009848,2.3801196,48.9043094,378890.16941537906,6313096.677565664
645035,1,0.0,1.0,0.0,0.0,1.0,1.0,1,0.0,2.3770742,48.9170541,2.3772388,48.9171576,13.725007039152377,6313096.677565664
5363704,4,1.0,0.0,0.0,0.0,1.0,1.0,1,0.0,2.388384125,48.903617725000004,2.397883975,48.910177125000004,70752.16799535458,6313096.677565664
92075,3,0.0,1.0,0.0,0.0,0.0,1.0,3,4.567816875856495E-9,-85.52522515,10.3611212,89.43868499999999,51.38326864999999,1.38208182358053E15,6313096.677565664
1232825,96,0.08333333333333333,0.0,0.9166666666666666,0.004672897196261682,1.0,0.9895833333333334,3,0.0,2.3767135666666666,48.91374123333333,2.377696366666667,48.91415283333333,4193.267943234998,6313096.677565664
1151930,479,0.6179540709812108,0.2860125260960334,0.09603340292275574,0.17757009345794392,0.9582463465553236,0.9895615866388309,9,0.0,1.1618362157894735,46.871448821052624,7.849566684210524,49.104629442105264,2.314129103242583E11,6313096.677565664
11185,3,0.0,1.0,0.0,0.0,0.33333333333333337,0.6666666666666667,2,1.1816759492645648E-5,-1.1763544999999997,48.0317766,2.3905813499999997,48.879380350000005,9.130224831598892E10,6313096.677565664
2709404,138,0.4420289855072464,0.5144927536231884,0.043478260869565216,0.102803738317757,0.8405797101449275,0.9782608695652174,8,0.2688207666430074,2.3695552,48.900353947619045,2.4157060190476183,48.94077854761905,1.0832496964317413E7,6313096.677565664
3178375,46,0.0,0.5869565217391305,0.41304347826086957,0.018691588785046728,0.9782608695652174,1.0,2,0.0,2.150145725,48.87241892499999,2.402643625,48.986736575,2.4174373789462867E8,6313096.677565664
691133,5,0.8,0.2,0.0,0.0,0.6,1.0,3,0.0,2.3786791000000003,48.9145404,2.3791026,48.91484765,277.0636554917438,6313096.677565664
214968,3,0.0,0.3333333333333333,0.6666666666666666,0.0,0.6666666666666667,1.0,1,0.0,2.3670255,48.9231049,2.3758488,48.9303693,295583.2181666269,6313096.677565664
2015138,1,1.0,0.0,0.0,0.0,1.0,1.0,1,0.0,2.4111346,48.9140431,2.4125002,48.9157005,27262.04344235131,6313096.677565664
208829,103,0.2912621359223301,0.5922330097087378,0.11650485436893204,0.07009345794392523,0.854368932038835,0.9805825242718447,7,0.0039032167860167705,2.194225275,48.57371169166666,2.39864525,48.951818233333334,1.6174086717863739E9,6313096.677565664
996303,75,0.0,1.0,0.0,0.0,1.0,1.0,2,0.0,2.3602239333333337,48.906952866666664,2.395861833333333,48.9265502,2599295.035704423,6313096.677565664
655309,1,1.0,0.0,0.0,0.0,1.0,0.0,1,1.0,2.4011251,48.9027969,2.4011251,48.9027969,0.0,6313096.677565664
125897,570,0.5684210526315789,0.356140350877193,0.07543859649122807,0.04205607476635514,0.9947368421052631,0.9947368421052631,7,0.0,2.2257025,48.77582822000001,2.54389075,48.97163955,7.703718418685924E7,6313096.677565664
1869781,2,0.0,1.0,0.0,0.0,0.5,1.0,1,0.0,2.0238398,44.333376,9.0249769,49.624361,1.3464081118661623E11,6313096.677565664
324552,1,0.0,1.0,0.0,0.0,0.0,1.0,1,0.0,-2.9368062,42.8394762,6.1639763,51.3024323,6.200286744358965E11,6313096.677565664
381896,53,0.6037735849056604,0.39622641509433965,0.0,0.0,0.9245283018867925,1.0,1,0.0,2.397430133333333,48.90281456666667,2.4390355666666665,48.93247073333333,2185165.215269184,6313096.677565664
2005966,4,0.0,1.0,0.0,0.0,0.5,1.0,1,0.0,2.3641465999999998,48.90330556666667,2.3653427,48.90379023333333,6522.269320123052,6313096.677565664
533465,50,0.04,0.82,0.14,0.02336448598130841,0.86,0.98,1,0.0,2.3583572,48.901034,2.3768228,48.9094888,1258168.2945438551,6313096.677565664
207829,3,0.0,1.0,0.0,0.0,0.6666666666666667,1.0,2,0.0,2.4090888,48.9204635,2.4101121,48.9210673,1338.7055426620993,6313096.677565664
66518,22,0.0,1.0,0.0,0.0,0.8636363636363636,1.0,3,0.0,2.3956738250000003,48.893974775,2.401452425,48.898559899999995,103487.49069472909,6313096.677565664
9176,4,0.0,1.0,0.0,0.0,0.25,1.0,3,0.0,-3.6393949000000005,40.406065500000004,12.116481033333335,51.041290233333335,3.967296478790686E11,6313096.677565664
19418,171,0.6198830409356725,0.3216374269005848,0.05847953216374269,0.009345794392523364,0.8421052631578947,0.9766081871345029,9,0.0,2.34506425,48.922520475,2.4481635,49.01205286666666,5.184365515415703E7,6313096.677565664
533484,98,0.8775510204081632,0.09183673469387756,0.030612244897959183,0.009345794392523364,0.9693877551020408,0.9897959183673469,5,1.0,2.3912370199999997,48.9149651,2.39406868,48.91686010000001,2637.0938639846854,6313096.677565664
2377664,3,0.0,0.3333333333333333,0.6666666666666666,0.0,1.0,1.0,1,0.0,2.4091419,48.9201904,2.4092126,48.9202858,95.27893308089179,6313096.677565664
409571,1,1.0,0.0,0.0,0.0,1.0,0.0,1,1.0,2.39554,48.911918,2.39554,48.911918,0.0,6313096.677565664
26599,3,0.0,1.0,0.0,0.0,1.0,1.0,2,0.0,-29.854251499999997,11.3928203,32.4569695,52.272492699999994,2.905603758714367E13,6313096.677565664
1668080,1,0.0,1.0,0.0,0.004672897196261682,0.0,1.0,1,0.0,1.4082341,48.1411165,3.3868399,49.2548569,6.75591612822706E9,6313096.677565664
779239,6,0.0,0.5,0.5,0.009345794392523364,0.6666666666666667,1.0,1,0.0,2.39694855,48.911246899999995,2.39761025,48.91187565,3064.6012540175943,6313096.677565664
14319,5,0.0,1.0,0.0,0.0,0.4,0.8,2,0.0,2.2286721500000004,47.239721200000005,4.153123600000001,48.94187615,2.056193708329396E10,6313096.677565664
400383,24,0.16666666666666666,0.7083333333333334,0.125,0.009345794392523364,0.9166666666666666,1.0,3,0.0,-0.656883375,45.81489985,4.61190515,50.126712575000006,1.1483476871103717E11,6313096.677565664
2678738,10,0.0,1.0,0.0,0.004672897196261682,0.8,1.0,2,0.024357176901159055,2.234463,48.8274751,2.498789,48.9481128,2.5918835763208872E8,6313096.677565664
1266671,1,0.0,1.0,0.0,0.0,0.0,1.0,1,0.0,2.4108541,48.8690345,2.413481,48.8745737,348248.55711791455,6313096.677565664
